Workbook

Sheet README
A1: Global Electricity Transition Analysis, 2015–2025
A2: Data analyst portfolio project · Microsoft Excel · Dataset: Our World in Data – Energy (release of 1 Oct 2026)
A4: PROJECT OBJECTIVE
A5: Goal | B5: Analyse how the world – and India in particular – generated electricity between 2015 and 2025, measure the shift from fossil fuels to renewables, and identify which countries are moving fastest.
A6: Business questions | B6: 1) How has the global electricity mix changed in the last decade? 2) Where does India stand versus the world on renewables and coal? 3) Which large power systems have the highest renewable share today? 4) Which countries added solar + wind the fastest (percentage-point gain)? 5) Which countries remain most dependent on coal?
A7: DATASET
A8: Source | B8: Our World in Data (OWID) – Energy dataset, owid-energy-data.csv, github.com/owid/energy-data (commit dated 1 Oct 2026). OWID compiles electricity data from Ember and the Energy Institute Statistical Review of World Energy. Licence: CC BY 4.0.
A9: Scope used | B9: Years 2015–2025 · 308 raw entities → 212 countries + World aggregate · 2,202 clean rows. Units: TWh (terawatt-hours) for generation, gCO2/kWh for carbon intensity.
A10: Data caveat | B10: 2025 country data is preliminary (90 countries reported vs 210 for 2023). Country rankings therefore default to 2024 (the latest near-complete year); World totals use 2025. Change the year on the Inputs sheet to re-run every analysis.
A11: SHEET GUIDE (work left to right)
A12: Inputs | B12: Yellow cells = parameters you can change (base year, analysis year, minimum system size). Every analysis sheet recalculates from these.
A13: Dashboard | B13: One-page summary: KPI cards and four charts. This is the screenshot for your resume / LinkedIn.
A14: Country_Profile | B14: Interactive: pick any country from the dropdown in cell C4 – the table and both charts update.
A15: Global_Trends | B15: World electricity mix by source, 2015–2025, with shares and year-on-year growth.
A16: Rankings | B16: Top 15 by renewable share, top 15 by solar+wind gain, top 10 most coal-dependent (formula-driven, no manual sorting).
A17: Country_Summary | B17: One row per country: base vs analysis year, change in percentage points, growth rate (CAGR), with conditional formatting.
A18: Clean_Data | B18: Analysis-ready Excel Table (tblEnergy) with calculated columns: fossil, renewable, low-carbon totals, shares, per-capita, data-quality check.
A19: Raw_Data | B19: Untouched extract from the source file (2015–2025, selected columns) – kept so every cleaning step is auditable.
A20: Cleaning_Log | B20: Each cleaning step, the rule applied and rows affected.
A21: Insights | B21: Written findings and recommendations – what you would present to a stakeholder.
A22: Data_Dictionary | B22: Definition, unit and origin of every column.
A23: EXCEL SKILLS DEMONSTRATED
A24: Functions | B24: SUMIFS, COUNTIFS, INDEX/MATCH, LARGE, IFERROR, IF/AND, ISNUMBER, RANK-style tie-breaking, CAGR formula, text keys (country|year lookups).
A25: Features | B25: Excel Tables, data validation dropdowns, conditional formatting (colour scales, data bars, highlight rules), stacked column / bar / line charts, frozen panes, parameter-driven model, KPI dashboard.
A26: Process | B26: Data sourcing → profiling → cleaning with audit log → transformation (calculated columns) → aggregation → ranking → visualisation → insight writing.
A27: PRACTISE THIS (add before interviews)
A28: PivotTable | B28: Click any cell in Clean_Data → Insert → PivotTable → New sheet. Rows: Country · Columns: Year · Values: Renewable_TWh (Sum). Add a Slicer on Entity_Type and set it to "Country". Be ready to explain when you would use a PivotTable vs SUMIFS.
A29: Power Query (optional) | B29: Data → Get Data → From Text/CSV on the original OWID file, and repeat the Cleaning_Log steps as Applied Steps. This makes the refresh fully automatic when OWID publishes new data.
A30: RESUME BULLETS (copy, then adjust)
A31: Bullet 1 | B31: Built an end-to-end Excel analysis of 212 countries' electricity generation (2015–2025, 2,202 records) from Our World in Data, including an auditable cleaning log, calculated metrics and a parameter-driven KPI dashboard.
A32: Bullet 2 | B32: Found global renewables rose from 23.0% to 33.8% of electricity while coal fell from 38.7% to 33.0%; India's renewable share rose from 14.6% to 24.1% as solar output grew 28x.
A33: Bullet 3 | B33: Designed an interactive country profile (dropdown + dynamic charts) and formula-driven rankings using SUMIFS, INDEX/MATCH and LARGE, so the whole workbook recalculates when the analysis year changes.

Sheet Dashboard
A1: GLOBAL ELECTRICITY TRANSITION DASHBOARD · 2015–2025
A2: ="Source: Our World in Data – Energy (Oct 2026 release) · World totals to 2025 · Country comparisons for "&Inputs!$B$6&" (≥ "&Inputs!$B$7&" TWh)" -> Source: Our World in Data – Energy (Oct 2026 release) · World totals to 2025 · Country comparisons for 2024 (≥ 20 TWh)
A4: World renewable share 2025 | D4: World solar + wind share 2025 | G4: World coal share 2025 | J4: Global solar output growth | L4: India renewable share | N4: Countries above RE target
A5: =Global_Trends!K15 -> 0.33760455 | D5: =Global_Trends!L15 -> 0.17284777 | G5: =Global_Trends!M15 -> 0.32957996 | J5: =Global_Trends!H18 -> 10.853639 | L5: =INDEX(Country_Summary!$F$6:$F$217,MATCH("India",Country_Summary!$A$6:$A$217,0)) -> 0.19807809 | N5: =COUNTIFS(Country_Summary!$M$6:$M$217,"Yes",Country_Summary!$F$6:$F$217,">="&Inputs!$B$8) -> 25
A6: =TEXT((Global_Trends!K15-Global_Trends!K5)*100,"+0.0")&" pp since 2015" -> +10.8 pp since 2015 | D6: =TEXT((Global_Trends!L15-Global_Trends!L5)*100,"+0.0")&" pp since 2015" -> +12.8 pp since 2015 | G6: =TEXT((Global_Trends!M15-Global_Trends!M5)*100,"+0.0;-0.0")&" pp since 2015" -> -5.7 pp since 2015 | J6: ="2015 → 2025" -> 2015 → 2025 | L6: ="in "&Inputs!$B$6&" · rank "&Rankings!I25&" of "&Rankings!J25 -> in 2024 · rank 52 of 83 | N6: ="of "&COUNTIF(Country_Summary!$M$6:$M$217,"Yes")&" ranked · target "&TEXT(Inputs!$B$8,"0%") -> of 83 ranked · target 50%
I23: ↑ Line uses the country chosen on Country_Profile (default: India).

Sheet Inputs
A1: Model Inputs
A2: Change the yellow cells only. All analysis sheets recalculate automatically.
A4: Parameter | B4: Value | C4: Notes
A5: Base year | B5: 2015 | C5: Start of the comparison window (2015–2024).
A6: Analysis year | B6: 2024 | C6: Latest year for country comparisons. 2024 is the latest near-complete year; 2025 is preliminary.
A7: Minimum generation (TWh) | B7: 20 | C7: Only countries generating at least this much in the analysis year are ranked – removes tiny island systems that distort shares.
A8: Renewable-share target | B8: 0.5 | C8: Threshold used for the "countries above target" KPI.
A11: Data coverage check (countries with data per year)
A12: Year | B12: Countries reported
A13: 2015 | B13: =COUNTIFS(Clean_Data!$D:$D,A13,Clean_Data!$C:$C,"Country") -> 212
A14: 2016 | B14: =COUNTIFS(Clean_Data!$D:$D,A14,Clean_Data!$C:$C,"Country") -> 212
A15: 2017 | B15: =COUNTIFS(Clean_Data!$D:$D,A15,Clean_Data!$C:$C,"Country") -> 212
A16: 2018 | B16: =COUNTIFS(Clean_Data!$D:$D,A16,Clean_Data!$C:$C,"Country") -> 212
A17: 2019 | B17: =COUNTIFS(Clean_Data!$D:$D,A17,Clean_Data!$C:$C,"Country") -> 212
A18: 2020 | B18: =COUNTIFS(Clean_Data!$D:$D,A18,Clean_Data!$C:$C,"Country") -> 212
A19: 2021 | B19: =COUNTIFS(Clean_Data!$D:$D,A19,Clean_Data!$C:$C,"Country") -> 212
A20: 2022 | B20: =COUNTIFS(Clean_Data!$D:$D,A20,Clean_Data!$C:$C,"Country") -> 212
A21: 2023 | B21: =COUNTIFS(Clean_Data!$D:$D,A21,Clean_Data!$C:$C,"Country") -> 210
A22: 2024 | B22: =COUNTIFS(Clean_Data!$D:$D,A22,Clean_Data!$C:$C,"Country") -> 195
A23: 2025 | B23: =COUNTIFS(Clean_Data!$D:$D,A23,Clean_Data!$C:$C,"Country") -> 90

Sheet Country_Profile
A1: Country Profile
A2: Choose a country in the yellow cell – every number and chart below updates.
G3: Quick stats
B4: Country: | C4: India | G4: Renewable share (latest) | I4: Change since 2015 (pp) | K4: Solar output multiple | M4: Latest year reported
G5: =LOOKUP(2,1/ISNUMBER(K7:K17),K7:K17) -> 0.24067064 | I5: =IF(ISNUMBER(K7),(LOOKUP(2,1/ISNUMBER(K7:K17),K7:K17)-K7)*100,"") -> 9.442018 | K5: =IFERROR(LOOKUP(2,1/ISNUMBER(H7:H17),H7:H17)/H7,"n/a") -> 27.643159 | M5: =LOOKUP(2,1/ISNUMBER(B7:B17),A7:A17) -> 2025
A6: Year | B6: Total TWh | C6: Coal | D6: Gas | E6: Oil | F6: Nuclear | G6: Hydro | H6: Solar | I6: Wind | J6: Bio + Other RE | K6: Renewable Share | L6: Solar+Wind Share | M6: Coal Share | N6: World RE Share | O6: Carbon Int. (g/kWh) | P6: kWh / person
A7: 2015 | B7: =IF(COUNTIFS(Clean_Data!$AB$2:$AB$2203,$C$4&"|"&A7)>0,SUMIFS(Clean_Data!$F$2:$F$2203,Clean_Data!$AB$2:$AB$2203,$C$4&"|"&A7),"") -> 1310.56 | C7: =IF(COUNTIFS(Clean_Data!$AB$2:$AB$2203,$C$4&"|"&A7)>0,SUMIFS(Clean_Data!$G$2:$G$2203,Clean_Data!$AB$2:$AB$2203,$C$4&"|"&A7),"") -> 1006.55 | D7: =IF(COUNTIFS(Clean_Data!$AB$2:$AB$2203,$C$4&"|"&A7)>0,SUMIFS(Clean_Data!$H$2:$H$2203,Clean_Data!$AB$2:$AB$2203,$C$4&"|"&A7),"") -> 64.77 | E7: =IF(COUNTIFS(Clean_Data!$AB$2:$AB$2203,$C$4&"|"&A7)>0,SUMIFS(Clean_Data!$I$2:$I$2203,Clean_Data!$AB$2:$AB$2203,$C$4&"|"&A7),"") -> 9.26 | F7: =IF(COUNTIFS(Clean_Data!$AB$2:$AB$2203,$C$4&"|"&A7)>0,SUMIFS(Clean_Data!$J$2:$J$2203,Clean_Data!$AB$2:$AB$2203,$C$4&"|"&A7),"") -> 38.31 | G7: =IF(COUNTIFS(Clean_Data!$AB$2:$AB$2203,$C$4&"|"&A7)>0,SUMIFS(Clean_Data!$K$2:$K$2203,Clean_Data!$AB$2:$AB$2203,$C$4&"|"&A7),"") -> 133.48 | H7: =IF(COUNTIFS(Clean_Data!$AB$2:$AB$2203,$C$4&"|"&A7)>0,SUMIFS(Clean_Data!$L$2:$L$2203,Clean_Data!$AB$2:$AB$2203,$C$4&"|"&A7),"") -> 7.09 | I7: =IF(COUNTIFS(Clean_Data!$AB$2:$AB$2203,$C$4&"|"&A7)>0,SUMIFS(Clean_Data!$M$2:$M$2203,Clean_Data!$AB$2:$AB$2203,$C$4&"|"&A7),"") -> 32.74 | J7: =IF(COUNTIFS(Clean_Data!$AB$2:$AB$2203,$C$4&"|"&A7)>0,SUMIFS(Clean_Data!$N$2:$N$2203,Clean_Data!$AB$2:$AB$2203,$C$4&"|"&A7)+SUMIFS(Clean_Data!$O$2:$O$2203,Clean_Data!$AB$2:$AB$2203,$C$4&"|"&A7),"") -> 18.36 | K7: =IF(ISNUMBER(B7),(G7+H7+I7+J7)/B7,"") -> 0.14625046 | L7: =IF(ISNUMBER(B7),(H7+I7)/B7,"") -> 0.030391588 | M7: =IF(ISNUMBER(B7),C7/B7,"") -> 0.76803046 | N7: =INDEX(Global_Trends!$K$5:$K$15,MATCH(A7,Global_Trends!$A$5:$A$15,0)) -> 0.22967084 | O7: =IF(COUNTIFS(Clean_Data!$AB$2:$AB$2203,$C$4&"|"&A7,Clean_Data!$P$2:$P$2203,"<>")>0,SUMIFS(Clean_Data!$P$2:$P$2203,Clean_Data!$AB$2:$AB$2203,$C$4&"|"&A7),"") -> 750.6 | P7: =IF(COUNTIFS(Clean_Data!$AB$2:$AB$2203,$C$4&"|"&A7)>0,SUMIFS(Clean_Data!$Z$2:$Z$2203,Clean_Data!$AB$2:$AB$2203,$C$4&"|"&A7),"") -> 986.84927
A8: 2016 | B8: =IF(COUNTIFS(Clean_Data!$AB$2:$AB$2203,$C$4&"|"&A8)>0,SUMIFS(Clean_Data!$F$2:$F$2203,Clean_Data!$AB$2:$AB$2203,$C$4&"|"&A8),"") -> 1394.93 | C8: =IF(COUNTIFS(Clean_Data!$AB$2:$AB$2203,$C$4&"|"&A8)>0,SUMIFS(Clean_Data!$G$2:$G$2203,Clean_Data!$AB$2:$AB$2203,$C$4&"|"&A8),"") -> 1073.6 | D8: =IF(COUNTIFS(Clean_Data!$AB$2:$AB$2203,$C$4&"|"&A8)>0,SUMIFS(Clean_Data!$H$2:$H$2203,Clean_Data!$AB$2:$AB$2203,$C$4&"|"&A8),"") -> 72.62 | E8: =IF(COUNTIFS(Clean_Data!$AB$2:$AB$2203,$C$4&"|"&A8)>0,SUMIFS(Clean_Data!$I$2:$I$2203,Clean_Data!$AB$2:$AB$2203,$C$4&"|"&A8),"") -> 9.41 | F8: =IF(COUNTIFS(Clean_Data!$AB$2:$AB$2203,$C$4&"|"&A8)>0,SUMIFS(Clean_Data!$J$2:$J$2203,Clean_Data!$AB$2:$AB$2203,$C$4&"|"&A8),"") -> 37.9 | G8: =IF(COUNTIFS(Clean_Data!$AB$2:$AB$2203,$C$4&"|"&A8)>0,SUMIFS(Clean_Data!$K$2:$K$2203,Clean_Data!$AB$2:$AB$2203,$C$4&"|"&A8),"") -> 128.55 | H8: =IF(COUNTIFS(Clean_Data!$AB$2:$AB$2203,$C$4&"|"&A8)>0,SUMIFS(Clean_Data!$L$2:$L$2203,Clean_Data!$AB$2:$AB$2203,$C$4&"|"&A8),"") -> 12.2 | I8: =IF(COUNTIFS(Clean_Data!$AB$2:$AB$2203,$C$4&"|"&A8)>0,SUMIFS(Clean_Data!$M$2:$M$2203,Clean_Data!$AB$2:$AB$2203,$C$4&"|"&A8),"") -> 43.45 | J8: =IF(COUNTIFS(Clean_Data!$AB$2:$AB$2203,$C$4&"|"&A8)>0,SUMIFS(Clean_Data!$N$2:$N$2203,Clean_Data!$AB$2:$AB$2203,$C$4&"|"&A8)+SUMIFS(Clean_Data!$O$2:$O$2203,Clean_Data!$AB$2:$AB$2203,$C$4&"|"&A8),"") -> 17.2 | K8: =IF(ISNUMBER(B8),(G8+H8+I8+J8)/B8,"") -> 0.14438 | L8: =IF(ISNUMBER(B8),(H8+I8)/B8,"") -> 0.039894475 | M8: =IF(ISNUMBER(B8),C8/B8,"") -> 0.76964435 | N8: =INDEX(Global_Trends!$K$5:$K$15,MATCH(A8,Global_Trends!$A$5:$A$15,0)) -> 0.23731874 | O8: =IF(COUNTIFS(Clean_Data!$AB$2:$AB$2203,$C$4&"|"&A8,Clean_Data!$P$2:$P$2203,"<>")>0,SUMIFS(Clean_Data!$P$2:$P$2203,Clean_Data!$AB$2:$AB$2203,$C$4&"|"&A8),"") -> 751.9 | P8: =IF(COUNTIFS(Clean_Data!$AB$2:$AB$2203,$C$4&"|"&A8)>0,SUMIFS(Clean_Data!$Z$2:$Z$2203,Clean_Data!$AB$2:$AB$2203,$C$4&"|"&A8),"") -> 1037.9374
A9: 2017 | B9: =IF(COUNTIFS(Clean_Data!$AB$2:$AB$2203,$C$4&"|"&A9)>0,SUMIFS(Clean_Data!$F$2:$F$2203,Clean_Data!$AB$2:$AB$2203,$C$4&"|"&A9),"") -> 1462.39 | C9: =IF(COUNTIFS(Clean_Data!$AB$2:$AB$2203,$C$4&"|"&A9)>0,SUMIFS(Clean_Data!$G$2:$G$2203,Clean_Data!$AB$2:$AB$2203,$C$4&"|"&A9),"") -> 1115.24 | D9: =IF(COUNTIFS(Clean_Data!$AB$2:$AB$2203,$C$4&"|"&A9)>0,SUMIFS(Clean_Data!$H$2:$H$2203,Clean_Data!$AB$2:$AB$2203,$C$4&"|"&A9),"") -> 74.99 | E9: =IF(COUNTIFS(Clean_Data!$AB$2:$AB$2203,$C$4&"|"&A9)>0,SUMIFS(Clean_Data!$I$2:$I$2203,Clean_Data!$AB$2:$AB$2203,$C$4&"|"&A9),"") -> 8.79 | F9: =IF(COUNTIFS(Clean_Data!$AB$2:$AB$2203,$C$4&"|"&A9)>0,SUMIFS(Clean_Data!$J$2:$J$2203,Clean_Data!$AB$2:$AB$2203,$C$4&"|"&A9),"") -> 37.41 | G9: =IF(COUNTIFS(Clean_Data!$AB$2:$AB$2203,$C$4&"|"&A9)>0,SUMIFS(Clean_Data!$K$2:$K$2203,Clean_Data!$AB$2:$AB$2203,$C$4&"|"&A9),"") -> 135.98 | H9: =IF(COUNTIFS(Clean_Data!$AB$2:$AB$2203,$C$4&"|"&A9)>0,SUMIFS(Clean_Data!$L$2:$L$2203,Clean_Data!$AB$2:$AB$2203,$C$4&"|"&A9),"") -> 22.36 | I9: =IF(COUNTIFS(Clean_Data!$AB$2:$AB$2203,$C$4&"|"&A9)>0,SUMIFS(Clean_Data!$M$2:$M$2203,Clean_Data!$AB$2:$AB$2203,$C$4&"|"&A9),"") -> 52.63 | J9: =IF(COUNTIFS(Clean_Data!$AB$2:$AB$2203,$C$4&"|"&A9)>0,SUMIFS(Clean_Data!$N$2:$N$2203,Clean_Data!$AB$2:$AB$2203,$C$4&"|"&A9)+SUMIFS(Clean_Data!$O$2:$O$2203,Clean_Data!$AB$2:$AB$2203,$C$4&"|"&A9),"") -> 14.99 | K9: =IF(ISNUMBER(B9),(G9+H9+I9+J9)/B9,"") -> 0.15451419 | L9: =IF(ISNUMBER(B9),(H9+I9)/B9,"") -> 0.051279071 | M9: =IF(ISNUMBER(B9),C9/B9,"") -> 0.76261462 | N9: =INDEX(Global_Trends!$K$5:$K$15,MATCH(A9,Global_Trends!$A$5:$A$15,0)) -> 0.24465707 | O9: =IF(COUNTIFS(Clean_Data!$AB$2:$AB$2203,$C$4&"|"&A9,Clean_Data!$P$2:$P$2203,"<>")>0,SUMIFS(Clean_Data!$P$2:$P$2203,Clean_Data!$AB$2:$AB$2203,$C$4&"|"&A9),"") -> 743.1 | P9: =IF(COUNTIFS(Clean_Data!$AB$2:$AB$2203,$C$4&"|"&A9)>0,SUMIFS(Clean_Data!$Z$2:$Z$2203,Clean_Data!$AB$2:$AB$2203,$C$4&"|"&A9),"") -> 1075.5577
A10: 2018 | B10: =IF(COUNTIFS(Clean_Data!$AB$2:$AB$2203,$C$4&"|"&A10)>0,SUMIFS(Clean_Data!$F$2:$F$2203,Clean_Data!$AB$2:$AB$2203,$C$4&"|"&A10),"") -> 1571.65 | C10: =IF(COUNTIFS(Clean_Data!$AB$2:$AB$2203,$C$4&"|"&A10)>0,SUMIFS(Clean_Data!$G$2:$G$2203,Clean_Data!$AB$2:$AB$2203,$C$4&"|"&A10),"") -> 1198.86 | D10: =IF(COUNTIFS(Clean_Data!$AB$2:$AB$2203,$C$4&"|"&A10)>0,SUMIFS(Clean_Data!$H$2:$H$2203,Clean_Data!$AB$2:$AB$2203,$C$4&"|"&A10),"") -> 71.26 | E10: =IF(COUNTIFS(Clean_Data!$AB$2:$AB$2203,$C$4&"|"&A10)>0,SUMIFS(Clean_Data!$I$2:$I$2203,Clean_Data!$AB$2:$AB$2203,$C$4&"|"&A10),"") -> 6.4 | F10: =IF(COUNTIFS(Clean_Data!$AB$2:$AB$2203,$C$4&"|"&A10)>0,SUMIFS(Clean_Data!$J$2:$J$2203,Clean_Data!$AB$2:$AB$2203,$C$4&"|"&A10),"") -> 39.05 | G10: =IF(COUNTIFS(Clean_Data!$AB$2:$AB$2203,$C$4&"|"&A10)>0,SUMIFS(Clean_Data!$K$2:$K$2203,Clean_Data!$AB$2:$AB$2203,$C$4&"|"&A10),"") -> 139.92 | H10: =IF(COUNTIFS(Clean_Data!$AB$2:$AB$2203,$C$4&"|"&A10)>0,SUMIFS(Clean_Data!$L$2:$L$2203,Clean_Data!$AB$2:$AB$2203,$C$4&"|"&A10),"") -> 37.45 | I10: =IF(COUNTIFS(Clean_Data!$AB$2:$AB$2203,$C$4&"|"&A10)>0,SUMIFS(Clean_Data!$M$2:$M$2203,Clean_Data!$AB$2:$AB$2203,$C$4&"|"&A10),"") -> 60.31 | J10: =IF(COUNTIFS(Clean_Data!$AB$2:$AB$2203,$C$4&"|"&A10)>0,SUMIFS(Clean_Data!$N$2:$N$2203,Clean_Data!$AB$2:$AB$2203,$C$4&"|"&A10)+SUMIFS(Clean_Data!$O$2:$O$2203,Clean_Data!$AB$2:$AB$2203,$C$4&"|"&A10),"") -> 18.4 | K10: =IF(ISNUMBER(B10),(G10+H10+I10+J10)/B10,"") -> 0.16293704 | L10: =IF(ISNUMBER(B10),(H10+I10)/B10,"") -> 0.062202144 | M10: =IF(ISNUMBER(B10),C10/B10,"") -> 0.76280342 | N10: =INDEX(Global_Trends!$K$5:$K$15,MATCH(A10,Global_Trends!$A$5:$A$15,0)) -> 0.25088713 | O10: =IF(COUNTIFS(Clean_Data!$AB$2:$AB$2203,$C$4&"|"&A10,Clean_Data!$P$2:$P$2203,"<>")>0,SUMIFS(Clean_Data!$P$2:$P$2203,Clean_Data!$AB$2:$AB$2203,$C$4&"|"&A10),"") -> 737.7 | P10: =IF(COUNTIFS(Clean_Data!$AB$2:$AB$2203,$C$4&"|"&A10)>0,SUMIFS(Clean_Data!$Z$2:$Z$2203,Clean_Data!$AB$2:$AB$2203,$C$4&"|"&A10),"") -> 1143.3017
A11: 2019 | B11: =IF(COUNTIFS(Clean_Data!$AB$2:$AB$2203,$C$4&"|"&A11)>0,SUMIFS(Clean_Data!$F$2:$F$2203,Clean_Data!$AB$2:$AB$2203,$C$4&"|"&A11),"") -> 1600.98 | C11: =IF(COUNTIFS(Clean_Data!$AB$2:$AB$2203,$C$4&"|"&A11)>0,SUMIFS(Clean_Data!$G$2:$G$2203,Clean_Data!$AB$2:$AB$2203,$C$4&"|"&A11),"") -> 1198.76 | D11: =IF(COUNTIFS(Clean_Data!$AB$2:$AB$2203,$C$4&"|"&A11)>0,SUMIFS(Clean_Data!$H$2:$H$2203,Clean_Data!$AB$2:$AB$2203,$C$4&"|"&A11),"") -> 71.95 | E11: =IF(COUNTIFS(Clean_Data!$AB$2:$AB$2203,$C$4&"|"&A11)>0,SUMIFS(Clean_Data!$I$2:$I$2203,Clean_Data!$AB$2:$AB$2203,$C$4&"|"&A11),"") -> 3.07 | F11: =IF(COUNTIFS(Clean_Data!$AB$2:$AB$2203,$C$4&"|"&A11)>0,SUMIFS(Clean_Data!$J$2:$J$2203,Clean_Data!$AB$2:$AB$2203,$C$4&"|"&A11),"") -> 45.16 | G11: =IF(COUNTIFS(Clean_Data!$AB$2:$AB$2203,$C$4&"|"&A11)>0,SUMIFS(Clean_Data!$K$2:$K$2203,Clean_Data!$AB$2:$AB$2203,$C$4&"|"&A11),"") -> 162.29 | H11: =IF(COUNTIFS(Clean_Data!$AB$2:$AB$2203,$C$4&"|"&A11)>0,SUMIFS(Clean_Data!$L$2:$L$2203,Clean_Data!$AB$2:$AB$2203,$C$4&"|"&A11),"") -> 37.45 | I11: =IF(COUNTIFS(Clean_Data!$AB$2:$AB$2203,$C$4&"|"&A11)>0,SUMIFS(Clean_Data!$M$2:$M$2203,Clean_Data!$AB$2:$AB$2203,$C$4&"|"&A11),"") -> 63.31 | J11: =IF(COUNTIFS(Clean_Data!$AB$2:$AB$2203,$C$4&"|"&A11)>0,SUMIFS(Clean_Data!$N$2:$N$2203,Clean_Data!$AB$2:$AB$2203,$C$4&"|"&A11)+SUMIFS(Clean_Data!$O$2:$O$2203,Clean_Data!$AB$2:$AB$2203,$C$4&"|"&A11),"") -> 18.99 | K11: =IF(ISNUMBER(B11),(G11+H11+I11+J11)/B11,"") -> 0.1761671 | L11: =IF(ISNUMBER(B11),(H11+I11)/B11,"") -> 0.062936451 | M11: =IF(ISNUMBER(B11),C11/B11,"") -> 0.74876638 | N11: =INDEX(Global_Trends!$K$5:$K$15,MATCH(A11,Global_Trends!$A$5:$A$15,0)) -> 0.26071484 | O11: =IF(COUNTIFS(Clean_Data!$AB$2:$AB$2203,$C$4&"|"&A11,Clean_Data!$P$2:$P$2203,"<>")>0,SUMIFS(Clean_Data!$P$2:$P$2203,Clean_Data!$AB$2:$AB$2203,$C$4&"|"&A11),"") -> 722.7 | P11: =IF(COUNTIFS(Clean_Data!$AB$2:$AB$2203,$C$4&"|"&A11)>0,SUMIFS(Clean_Data!$Z$2:$Z$2203,Clean_Data!$AB$2:$AB$2203,$C$4&"|"&A11),"") -> 1152.5882
A12: 2020 | B12: =IF(COUNTIFS(Clean_Data!$AB$2:$AB$2203,$C$4&"|"&A12)>0,SUMIFS(Clean_Data!$F$2:$F$2203,Clean_Data!$AB$2:$AB$2203,$C$4&"|"&A12),"") -> 1563.43 | C12: =IF(COUNTIFS(Clean_Data!$AB$2:$AB$2203,$C$4&"|"&A12)>0,SUMIFS(Clean_Data!$G$2:$G$2203,Clean_Data!$AB$2:$AB$2203,$C$4&"|"&A12),"") -> 1143.78 | D12: =IF(COUNTIFS(Clean_Data!$AB$2:$AB$2203,$C$4&"|"&A12)>0,SUMIFS(Clean_Data!$H$2:$H$2203,Clean_Data!$AB$2:$AB$2203,$C$4&"|"&A12),"") -> 74.79 | E12: =IF(COUNTIFS(Clean_Data!$AB$2:$AB$2203,$C$4&"|"&A12)>0,SUMIFS(Clean_Data!$I$2:$I$2203,Clean_Data!$AB$2:$AB$2203,$C$4&"|"&A12),"") -> 3.09 | F12: =IF(COUNTIFS(Clean_Data!$AB$2:$AB$2203,$C$4&"|"&A12)>0,SUMIFS(Clean_Data!$J$2:$J$2203,Clean_Data!$AB$2:$AB$2203,$C$4&"|"&A12),"") -> 44.61 | G12: =IF(COUNTIFS(Clean_Data!$AB$2:$AB$2203,$C$4&"|"&A12)>0,SUMIFS(Clean_Data!$K$2:$K$2203,Clean_Data!$AB$2:$AB$2203,$C$4&"|"&A12),"") -> 163.94 | H12: =IF(COUNTIFS(Clean_Data!$AB$2:$AB$2203,$C$4&"|"&A12)>0,SUMIFS(Clean_Data!$L$2:$L$2203,Clean_Data!$AB$2:$AB$2203,$C$4&"|"&A12),"") -> 52.91 | I12: =IF(COUNTIFS(Clean_Data!$AB$2:$AB$2203,$C$4&"|"&A12)>0,SUMIFS(Clean_Data!$M$2:$M$2203,Clean_Data!$AB$2:$AB$2203,$C$4&"|"&A12),"") -> 60.43 | J12: =IF(COUNTIFS(Clean_Data!$AB$2:$AB$2203,$C$4&"|"&A12)>0,SUMIFS(Clean_Data!$N$2:$N$2203,Clean_Data!$AB$2:$AB$2203,$C$4&"|"&A12)+SUMIFS(Clean_Data!$O$2:$O$2203,Clean_Data!$AB$2:$AB$2203,$C$4&"|"&A12),"") -> 19.88 | K12: =IF(ISNUMBER(B12),(G12+H12+I12+J12)/B12,"") -> 0.19006927 | L12: =IF(ISNUMBER(B12),(H12+I12)/B12,"") -> 0.072494451 | M12: =IF(ISNUMBER(B12),C12/B12,"") -> 0.73158376 | N12: =INDEX(Global_Trends!$K$5:$K$15,MATCH(A12,Global_Trends!$A$5:$A$15,0)) -> 0.27987377 | O12: =IF(COUNTIFS(Clean_Data!$AB$2:$AB$2203,$C$4&"|"&A12,Clean_Data!$P$2:$P$2203,"<>")>0,SUMIFS(Clean_Data!$P$2:$P$2203,Clean_Data!$AB$2:$AB$2203,$C$4&"|"&A12),"") -> 709.1 | P12: =IF(COUNTIFS(Clean_Data!$AB$2:$AB$2203,$C$4&"|"&A12)>0,SUMIFS(Clean_Data!$Z$2:$Z$2203,Clean_Data!$AB$2:$AB$2203,$C$4&"|"&A12),"") -> 1114.6516
A13: 2021 | B13: =IF(COUNTIFS(Clean_Data!$AB$2:$AB$2203,$C$4&"|"&A13)>0,SUMIFS(Clean_Data!$F$2:$F$2203,Clean_Data!$AB$2:$AB$2203,$C$4&"|"&A13),"") -> 1678.72 | C13: =IF(COUNTIFS(Clean_Data!$AB$2:$AB$2203,$C$4&"|"&A13)>0,SUMIFS(Clean_Data!$G$2:$G$2203,Clean_Data!$AB$2:$AB$2203,$C$4&"|"&A13),"") -> 1255.56 | D13: =IF(COUNTIFS(Clean_Data!$AB$2:$AB$2203,$C$4&"|"&A13)>0,SUMIFS(Clean_Data!$H$2:$H$2203,Clean_Data!$AB$2:$AB$2203,$C$4&"|"&A13),"") -> 60.4 | E13: =IF(COUNTIFS(Clean_Data!$AB$2:$AB$2203,$C$4&"|"&A13)>0,SUMIFS(Clean_Data!$I$2:$I$2203,Clean_Data!$AB$2:$AB$2203,$C$4&"|"&A13),"") -> 3.39 | F13: =IF(COUNTIFS(Clean_Data!$AB$2:$AB$2203,$C$4&"|"&A13)>0,SUMIFS(Clean_Data!$J$2:$J$2203,Clean_Data!$AB$2:$AB$2203,$C$4&"|"&A13),"") -> 43.92 | G13: =IF(COUNTIFS(Clean_Data!$AB$2:$AB$2203,$C$4&"|"&A13)>0,SUMIFS(Clean_Data!$K$2:$K$2203,Clean_Data!$AB$2:$AB$2203,$C$4&"|"&A13),"") -> 160.57 | H13: =IF(COUNTIFS(Clean_Data!$AB$2:$AB$2203,$C$4&"|"&A13)>0,SUMIFS(Clean_Data!$L$2:$L$2203,Clean_Data!$AB$2:$AB$2203,$C$4&"|"&A13),"") -> 65.59 | I13: =IF(COUNTIFS(Clean_Data!$AB$2:$AB$2203,$C$4&"|"&A13)>0,SUMIFS(Clean_Data!$M$2:$M$2203,Clean_Data!$AB$2:$AB$2203,$C$4&"|"&A13),"") -> 68.09 | J13: =IF(COUNTIFS(Clean_Data!$AB$2:$AB$2203,$C$4&"|"&A13)>0,SUMIFS(Clean_Data!$N$2:$N$2203,Clean_Data!$AB$2:$AB$2203,$C$4&"|"&A13)+SUMIFS(Clean_Data!$O$2:$O$2203,Clean_Data!$AB$2:$AB$2203,$C$4&"|"&A13),"") -> 21.2 | K13: =IF(ISNUMBER(B13),(G13+H13+I13+J13)/B13,"") -> 0.18791103 | L13: =IF(ISNUMBER(B13),(H13+I13)/B13,"") -> 0.079632101 | M13: =IF(ISNUMBER(B13),C13/B13,"") -> 0.74792699 | N13: =INDEX(Global_Trends!$K$5:$K$15,MATCH(A13,Global_Trends!$A$5:$A$15,0)) -> 0.28101633 | O13: =IF(COUNTIFS(Clean_Data!$AB$2:$AB$2203,$C$4&"|"&A13,Clean_Data!$P$2:$P$2203,"<>")>0,SUMIFS(Clean_Data!$P$2:$P$2203,Clean_Data!$AB$2:$AB$2203,$C$4&"|"&A13),"") -> 715.3 | P13: =IF(COUNTIFS(Clean_Data!$AB$2:$AB$2203,$C$4&"|"&A13)>0,SUMIFS(Clean_Data!$Z$2:$Z$2203,Clean_Data!$AB$2:$AB$2203,$C$4&"|"&A13),"") -> 1187.0424
A14: 2022 | B14: =IF(COUNTIFS(Clean_Data!$AB$2:$AB$2203,$C$4&"|"&A14)>0,SUMIFS(Clean_Data!$F$2:$F$2203,Clean_Data!$AB$2:$AB$2203,$C$4&"|"&A14),"") -> 1804.61 | C14: =IF(COUNTIFS(Clean_Data!$AB$2:$AB$2203,$C$4&"|"&A14)>0,SUMIFS(Clean_Data!$G$2:$G$2203,Clean_Data!$AB$2:$AB$2203,$C$4&"|"&A14),"") -> 1344.42 | D14: =IF(COUNTIFS(Clean_Data!$AB$2:$AB$2203,$C$4&"|"&A14)>0,SUMIFS(Clean_Data!$H$2:$H$2203,Clean_Data!$AB$2:$AB$2203,$C$4&"|"&A14),"") -> 46.17 | E14: =IF(COUNTIFS(Clean_Data!$AB$2:$AB$2203,$C$4&"|"&A14)>0,SUMIFS(Clean_Data!$I$2:$I$2203,Clean_Data!$AB$2:$AB$2203,$C$4&"|"&A14),"") -> 3.48 | F14: =IF(COUNTIFS(Clean_Data!$AB$2:$AB$2203,$C$4&"|"&A14)>0,SUMIFS(Clean_Data!$J$2:$J$2203,Clean_Data!$AB$2:$AB$2203,$C$4&"|"&A14),"") -> 46.19 | G14: =IF(COUNTIFS(Clean_Data!$AB$2:$AB$2203,$C$4&"|"&A14)>0,SUMIFS(Clean_Data!$K$2:$K$2203,Clean_Data!$AB$2:$AB$2203,$C$4&"|"&A14),"") -> 175.09 | H14: =IF(COUNTIFS(Clean_Data!$AB$2:$AB$2203,$C$4&"|"&A14)>0,SUMIFS(Clean_Data!$L$2:$L$2203,Clean_Data!$AB$2:$AB$2203,$C$4&"|"&A14),"") -> 95.92 | I14: =IF(COUNTIFS(Clean_Data!$AB$2:$AB$2203,$C$4&"|"&A14)>0,SUMIFS(Clean_Data!$M$2:$M$2203,Clean_Data!$AB$2:$AB$2203,$C$4&"|"&A14),"") -> 70.05 | J14: =IF(COUNTIFS(Clean_Data!$AB$2:$AB$2203,$C$4&"|"&A14)>0,SUMIFS(Clean_Data!$N$2:$N$2203,Clean_Data!$AB$2:$AB$2203,$C$4&"|"&A14)+SUMIFS(Clean_Data!$O$2:$O$2203,Clean_Data!$AB$2:$AB$2203,$C$4&"|"&A14),"") -> 23.29 | K14: =IF(ISNUMBER(B14),(G14+H14+I14+J14)/B14,"") -> 0.20189958 | L14: =IF(ISNUMBER(B14),(H14+I14)/B14,"") -> 0.09197001 | M14: =IF(ISNUMBER(B14),C14/B14,"") -> 0.74499199 | N14: =INDEX(Global_Trends!$K$5:$K$15,MATCH(A14,Global_Trends!$A$5:$A$15,0)) -> 0.29469745 | O14: =IF(COUNTIFS(Clean_Data!$AB$2:$AB$2203,$C$4&"|"&A14,Clean_Data!$P$2:$P$2203,"<>")>0,SUMIFS(Clean_Data!$P$2:$P$2203,Clean_Data!$AB$2:$AB$2203,$C$4&"|"&A14),"") -> 705.8 | P14: =IF(COUNTIFS(Clean_Data!$AB$2:$AB$2203,$C$4&"|"&A14)>0,SUMIFS(Clean_Data!$Z$2:$Z$2203,Clean_Data!$AB$2:$AB$2203,$C$4&"|"&A14),"") -> 1266.017
A15: 2023 | B15: =IF(COUNTIFS(Clean_Data!$AB$2:$AB$2203,$C$4&"|"&A15)>0,SUMIFS(Clean_Data!$F$2:$F$2203,Clean_Data!$AB$2:$AB$2203,$C$4&"|"&A15),"") -> 1918.26 | C15: =IF(COUNTIFS(Clean_Data!$AB$2:$AB$2203,$C$4&"|"&A15)>0,SUMIFS(Clean_Data!$G$2:$G$2203,Clean_Data!$AB$2:$AB$2203,$C$4&"|"&A15),"") -> 1445.44 | D15: =IF(COUNTIFS(Clean_Data!$AB$2:$AB$2203,$C$4&"|"&A15)>0,SUMIFS(Clean_Data!$H$2:$H$2203,Clean_Data!$AB$2:$AB$2203,$C$4&"|"&A15),"") -> 50.8 | E15: =IF(COUNTIFS(Clean_Data!$AB$2:$AB$2203,$C$4&"|"&A15)>0,SUMIFS(Clean_Data!$I$2:$I$2203,Clean_Data!$AB$2:$AB$2203,$C$4&"|"&A15),"") -> 3.85 | F15: =IF(COUNTIFS(Clean_Data!$AB$2:$AB$2203,$C$4&"|"&A15)>0,SUMIFS(Clean_Data!$J$2:$J$2203,Clean_Data!$AB$2:$AB$2203,$C$4&"|"&A15),"") -> 48.2 | G15: =IF(COUNTIFS(Clean_Data!$AB$2:$AB$2203,$C$4&"|"&A15)>0,SUMIFS(Clean_Data!$K$2:$K$2203,Clean_Data!$AB$2:$AB$2203,$C$4&"|"&A15),"") -> 149.43 | H15: =IF(COUNTIFS(Clean_Data!$AB$2:$AB$2203,$C$4&"|"&A15)>0,SUMIFS(Clean_Data!$L$2:$L$2203,Clean_Data!$AB$2:$AB$2203,$C$4&"|"&A15),"") -> 115.42 | I15: =IF(COUNTIFS(Clean_Data!$AB$2:$AB$2203,$C$4&"|"&A15)>0,SUMIFS(Clean_Data!$M$2:$M$2203,Clean_Data!$AB$2:$AB$2203,$C$4&"|"&A15),"") -> 82.11 | J15: =IF(COUNTIFS(Clean_Data!$AB$2:$AB$2203,$C$4&"|"&A15)>0,SUMIFS(Clean_Data!$N$2:$N$2203,Clean_Data!$AB$2:$AB$2203,$C$4&"|"&A15)+SUMIFS(Clean_Data!$O$2:$O$2203,Clean_Data!$AB$2:$AB$2203,$C$4&"|"&A15),"") -> 23.01 | K15: =IF(ISNUMBER(B15),(G15+H15+I15+J15)/B15,"") -> 0.19286749 | L15: =IF(ISNUMBER(B15),(H15+I15)/B15,"") -> 0.10297353 | M15: =IF(ISNUMBER(B15),C15/B15,"") -> 0.75351621 | N15: =INDEX(Global_Trends!$K$5:$K$15,MATCH(A15,Global_Trends!$A$5:$A$15,0)) -> 0.30323098 | O15: =IF(COUNTIFS(Clean_Data!$AB$2:$AB$2203,$C$4&"|"&A15,Clean_Data!$P$2:$P$2203,"<>")>0,SUMIFS(Clean_Data!$P$2:$P$2203,Clean_Data!$AB$2:$AB$2203,$C$4&"|"&A15),"") -> 713.4 | P15: =IF(COUNTIFS(Clean_Data!$AB$2:$AB$2203,$C$4&"|"&A15)>0,SUMIFS(Clean_Data!$Z$2:$Z$2203,Clean_Data!$AB$2:$AB$2203,$C$4&"|"&A15),"") -> 1333.9132
A16: 2024 | B16: =IF(COUNTIFS(Clean_Data!$AB$2:$AB$2203,$C$4&"|"&A16)>0,SUMIFS(Clean_Data!$F$2:$F$2203,Clean_Data!$AB$2:$AB$2203,$C$4&"|"&A16),"") -> 2036.52 | C16: =IF(COUNTIFS(Clean_Data!$AB$2:$AB$2203,$C$4&"|"&A16)>0,SUMIFS(Clean_Data!$G$2:$G$2203,Clean_Data!$AB$2:$AB$2203,$C$4&"|"&A16),"") -> 1517.9 | D16: =IF(COUNTIFS(Clean_Data!$AB$2:$AB$2203,$C$4&"|"&A16)>0,SUMIFS(Clean_Data!$H$2:$H$2203,Clean_Data!$AB$2:$AB$2203,$C$4&"|"&A16),"") -> 56.44 | E16: =IF(COUNTIFS(Clean_Data!$AB$2:$AB$2203,$C$4&"|"&A16)>0,SUMIFS(Clean_Data!$I$2:$I$2203,Clean_Data!$AB$2:$AB$2203,$C$4&"|"&A16),"") -> 4.09 | F16: =IF(COUNTIFS(Clean_Data!$AB$2:$AB$2203,$C$4&"|"&A16)>0,SUMIFS(Clean_Data!$J$2:$J$2203,Clean_Data!$AB$2:$AB$2203,$C$4&"|"&A16),"") -> 54.7 | G16: =IF(COUNTIFS(Clean_Data!$AB$2:$AB$2203,$C$4&"|"&A16)>0,SUMIFS(Clean_Data!$K$2:$K$2203,Clean_Data!$AB$2:$AB$2203,$C$4&"|"&A16),"") -> 156.53 | H16: =IF(COUNTIFS(Clean_Data!$AB$2:$AB$2203,$C$4&"|"&A16)>0,SUMIFS(Clean_Data!$L$2:$L$2203,Clean_Data!$AB$2:$AB$2203,$C$4&"|"&A16),"") -> 143.07 | I16: =IF(COUNTIFS(Clean_Data!$AB$2:$AB$2203,$C$4&"|"&A16)>0,SUMIFS(Clean_Data!$M$2:$M$2203,Clean_Data!$AB$2:$AB$2203,$C$4&"|"&A16),"") -> 81.54 | J16: =IF(COUNTIFS(Clean_Data!$AB$2:$AB$2203,$C$4&"|"&A16)>0,SUMIFS(Clean_Data!$N$2:$N$2203,Clean_Data!$AB$2:$AB$2203,$C$4&"|"&A16)+SUMIFS(Clean_Data!$O$2:$O$2203,Clean_Data!$AB$2:$AB$2203,$C$4&"|"&A16),"") -> 22.25 | K16: =IF(ISNUMBER(B16),(G16+H16+I16+J16)/B16,"") -> 0.19807809 | L16: =IF(ISNUMBER(B16),(H16+I16)/B16,"") -> 0.11029108 | M16: =IF(ISNUMBER(B16),C16/B16,"") -> 0.74534009 | N16: =INDEX(Global_Trends!$K$5:$K$15,MATCH(A16,Global_Trends!$A$5:$A$15,0)) -> 0.31935133 | O16: =IF(COUNTIFS(Clean_Data!$AB$2:$AB$2203,$C$4&"|"&A16,Clean_Data!$P$2:$P$2203,"<>")>0,SUMIFS(Clean_Data!$P$2:$P$2203,Clean_Data!$AB$2:$AB$2203,$C$4&"|"&A16),"") -> 705.4 | P16: =IF(COUNTIFS(Clean_Data!$AB$2:$AB$2203,$C$4&"|"&A16)>0,SUMIFS(Clean_Data!$Z$2:$Z$2203,Clean_Data!$AB$2:$AB$2203,$C$4&"|"&A16),"") -> 1403.5907
A17: 2025 | B17: =IF(COUNTIFS(Clean_Data!$AB$2:$AB$2203,$C$4&"|"&A17)>0,SUMIFS(Clean_Data!$F$2:$F$2203,Clean_Data!$AB$2:$AB$2203,$C$4&"|"&A17),"") -> 2081.6 | C17: =IF(COUNTIFS(Clean_Data!$AB$2:$AB$2203,$C$4&"|"&A17)>0,SUMIFS(Clean_Data!$G$2:$G$2203,Clean_Data!$AB$2:$AB$2203,$C$4&"|"&A17),"") -> 1474.15 | D17: =IF(COUNTIFS(Clean_Data!$AB$2:$AB$2203,$C$4&"|"&A17)>0,SUMIFS(Clean_Data!$H$2:$H$2203,Clean_Data!$AB$2:$AB$2203,$C$4&"|"&A17),"") -> 48.54 | E17: =IF(COUNTIFS(Clean_Data!$AB$2:$AB$2203,$C$4&"|"&A17)>0,SUMIFS(Clean_Data!$I$2:$I$2203,Clean_Data!$AB$2:$AB$2203,$C$4&"|"&A17),"") -> 4.1 | F17: =IF(COUNTIFS(Clean_Data!$AB$2:$AB$2203,$C$4&"|"&A17)>0,SUMIFS(Clean_Data!$J$2:$J$2203,Clean_Data!$AB$2:$AB$2203,$C$4&"|"&A17),"") -> 53.83 | G17: =IF(COUNTIFS(Clean_Data!$AB$2:$AB$2203,$C$4&"|"&A17)>0,SUMIFS(Clean_Data!$K$2:$K$2203,Clean_Data!$AB$2:$AB$2203,$C$4&"|"&A17),"") -> 177.97 | H17: =IF(COUNTIFS(Clean_Data!$AB$2:$AB$2203,$C$4&"|"&A17)>0,SUMIFS(Clean_Data!$L$2:$L$2203,Clean_Data!$AB$2:$AB$2203,$C$4&"|"&A17),"") -> 195.99 | I17: =IF(COUNTIFS(Clean_Data!$AB$2:$AB$2203,$C$4&"|"&A17)>0,SUMIFS(Clean_Data!$M$2:$M$2203,Clean_Data!$AB$2:$AB$2203,$C$4&"|"&A17),"") -> 103.98 | J17: =IF(COUNTIFS(Clean_Data!$AB$2:$AB$2203,$C$4&"|"&A17)>0,SUMIFS(Clean_Data!$N$2:$N$2203,Clean_Data!$AB$2:$AB$2203,$C$4&"|"&A17)+SUMIFS(Clean_Data!$O$2:$O$2203,Clean_Data!$AB$2:$AB$2203,$C$4&"|"&A17),"") -> 23.04 | K17: =IF(ISNUMBER(B17),(G17+H17+I17+J17)/B17,"") -> 0.24067064 | L17: =IF(ISNUMBER(B17),(H17+I17)/B17,"") -> 0.1441055 | M17: =IF(ISNUMBER(B17),C17/B17,"") -> 0.70818121 | N17: =INDEX(Global_Trends!$K$5:$K$15,MATCH(A17,Global_Trends!$A$5:$A$15,0)) -> 0.33760455 | O17: =IF(COUNTIFS(Clean_Data!$AB$2:$AB$2203,$C$4&"|"&A17,Clean_Data!$P$2:$P$2203,"<>")>0,SUMIFS(Clean_Data!$P$2:$P$2203,Clean_Data!$AB$2:$AB$2203,$C$4&"|"&A17),"") -> 670.1 | P17: =IF(COUNTIFS(Clean_Data!$AB$2:$AB$2203,$C$4&"|"&A17)>0,SUMIFS(Clean_Data!$Z$2:$Z$2203,Clean_Data!$AB$2:$AB$2203,$C$4&"|"&A17),"") -> 1421.9885

Sheet Global_Trends
A1: Global Electricity Mix, 2015–2025 (World aggregate)
A2: Source: Clean_Data rows where Entity_Type = "World". TWh unless stated.
A4: Year | B4: Total TWh | C4: Coal | D4: Gas | E4: Oil | F4: Nuclear | G4: Hydro | H4: Solar | I4: Wind | J4: Bio + Other RE | K4: Renewable Share | L4: Solar+Wind Share | M4: Coal Share | N4: Fossil Share | O4: Total YoY Growth | P4: Solar YoY Growth
A5: 2015 | B5: =SUMIFS(Clean_Data!$F$2:$F$2203,Clean_Data!$AB$2:$AB$2203,"World|"&A5) -> 24002.35 | C5: =SUMIFS(Clean_Data!$G$2:$G$2203,Clean_Data!$AB$2:$AB$2203,"World|"&A5) -> 9283.61 | D5: =SUMIFS(Clean_Data!$H$2:$H$2203,Clean_Data!$AB$2:$AB$2203,"World|"&A5) -> 5539.88 | E5: =SUMIFS(Clean_Data!$I$2:$I$2203,Clean_Data!$AB$2:$AB$2203,"World|"&A5) -> 1133.29 | F5: =SUMIFS(Clean_Data!$J$2:$J$2203,Clean_Data!$AB$2:$AB$2203,"World|"&A5) -> 2532.93 | G5: =SUMIFS(Clean_Data!$K$2:$K$2203,Clean_Data!$AB$2:$AB$2203,"World|"&A5) -> 3882.13 | H5: =SUMIFS(Clean_Data!$L$2:$L$2203,Clean_Data!$AB$2:$AB$2203,"World|"&A5) -> 256.01 | I5: =SUMIFS(Clean_Data!$M$2:$M$2203,Clean_Data!$AB$2:$AB$2203,"World|"&A5) -> 829.63 | J5: =SUMIFS(Clean_Data!$N$2:$N$2203,Clean_Data!$AB$2:$AB$2203,"World|"&A5)+SUMIFS(Clean_Data!$O$2:$O$2203,Clean_Data!$AB$2:$AB$2203,"World|"&A5) -> 544.87 | K5: =(G5+H5+I5+J5)/B5 -> 0.22967084 | L5: =(H5+I5)/B5 -> 0.045230571 | M5: =C5/B5 -> 0.38677921 | N5: =(C5+D5+E5)/B5 -> 0.66480074 | O5: ="" | P5: =""
A6: 2016 | B6: =SUMIFS(Clean_Data!$F$2:$F$2203,Clean_Data!$AB$2:$AB$2203,"World|"&A6) -> 24694.51 | C6: =SUMIFS(Clean_Data!$G$2:$G$2203,Clean_Data!$AB$2:$AB$2203,"World|"&A6) -> 9327.96 | D6: =SUMIFS(Clean_Data!$H$2:$H$2203,Clean_Data!$AB$2:$AB$2203,"World|"&A6) -> 5849.92 | E6: =SUMIFS(Clean_Data!$I$2:$I$2203,Clean_Data!$AB$2:$AB$2203,"World|"&A6) -> 1085.11 | F6: =SUMIFS(Clean_Data!$J$2:$J$2203,Clean_Data!$AB$2:$AB$2203,"World|"&A6) -> 2571.05 | G6: =SUMIFS(Clean_Data!$K$2:$K$2203,Clean_Data!$AB$2:$AB$2203,"World|"&A6) -> 4014.75 | H6: =SUMIFS(Clean_Data!$L$2:$L$2203,Clean_Data!$AB$2:$AB$2203,"World|"&A6) -> 327.47 | I6: =SUMIFS(Clean_Data!$M$2:$M$2203,Clean_Data!$AB$2:$AB$2203,"World|"&A6) -> 960.3 | J6: =SUMIFS(Clean_Data!$N$2:$N$2203,Clean_Data!$AB$2:$AB$2203,"World|"&A6)+SUMIFS(Clean_Data!$O$2:$O$2203,Clean_Data!$AB$2:$AB$2203,"World|"&A6) -> 557.95 | K6: =(G6+H6+I6+J6)/B6 -> 0.23731874 | L6: =(H6+I6)/B6 -> 0.052148028 | M6: =C6/B6 -> 0.37773416 | N6: =(C6+D6+E6)/B6 -> 0.65856703 | O6: =B6/B5-1 -> 0.028837176 | P6: =H6/H5-1 -> 0.27912972
A7: 2017 | B7: =SUMIFS(Clean_Data!$F$2:$F$2203,Clean_Data!$AB$2:$AB$2203,"World|"&A7) -> 25441.039 | C7: =SUMIFS(Clean_Data!$G$2:$G$2203,Clean_Data!$AB$2:$AB$2203,"World|"&A7) -> 9655.05 | D7: =SUMIFS(Clean_Data!$H$2:$H$2203,Clean_Data!$AB$2:$AB$2203,"World|"&A7) -> 5973.6 | E7: =SUMIFS(Clean_Data!$I$2:$I$2203,Clean_Data!$AB$2:$AB$2203,"World|"&A7) -> 993.83 | F7: =SUMIFS(Clean_Data!$J$2:$J$2203,Clean_Data!$AB$2:$AB$2203,"World|"&A7) -> 2594.23 | G7: =SUMIFS(Clean_Data!$K$2:$K$2203,Clean_Data!$AB$2:$AB$2203,"World|"&A7) -> 4054.03 | H7: =SUMIFS(Clean_Data!$L$2:$L$2203,Clean_Data!$AB$2:$AB$2203,"World|"&A7) -> 444.65 | I7: =SUMIFS(Clean_Data!$M$2:$M$2203,Clean_Data!$AB$2:$AB$2203,"World|"&A7) -> 1139.44 | J7: =SUMIFS(Clean_Data!$N$2:$N$2203,Clean_Data!$AB$2:$AB$2203,"World|"&A7)+SUMIFS(Clean_Data!$O$2:$O$2203,Clean_Data!$AB$2:$AB$2203,"World|"&A7) -> 586.21 | K7: =(G7+H7+I7+J7)/B7 -> 0.24465707 | L7: =(H7+I7)/B7 -> 0.062265146 | M7: =C7/B7 -> 0.37950691 | N7: =(C7+D7+E7)/B7 -> 0.65337269 | O7: =B7/B6-1 -> 0.030230565 | P7: =H7/H6-1 -> 0.35783431
A8: 2018 | B8: =SUMIFS(Clean_Data!$F$2:$F$2203,Clean_Data!$AB$2:$AB$2203,"World|"&A8) -> 26464.49 | C8: =SUMIFS(Clean_Data!$G$2:$G$2203,Clean_Data!$AB$2:$AB$2203,"World|"&A8) -> 10033.03 | D8: =SUMIFS(Clean_Data!$H$2:$H$2203,Clean_Data!$AB$2:$AB$2203,"World|"&A8) -> 6224.56 | E8: =SUMIFS(Clean_Data!$I$2:$I$2203,Clean_Data!$AB$2:$AB$2203,"World|"&A8) -> 908.6 | F8: =SUMIFS(Clean_Data!$J$2:$J$2203,Clean_Data!$AB$2:$AB$2203,"World|"&A8) -> 2658.7 | G8: =SUMIFS(Clean_Data!$K$2:$K$2203,Clean_Data!$AB$2:$AB$2203,"World|"&A8) -> 4176.84 | H8: =SUMIFS(Clean_Data!$L$2:$L$2203,Clean_Data!$AB$2:$AB$2203,"World|"&A8) -> 575.16 | I8: =SUMIFS(Clean_Data!$M$2:$M$2203,Clean_Data!$AB$2:$AB$2203,"World|"&A8) -> 1268.14 | J8: =SUMIFS(Clean_Data!$N$2:$N$2203,Clean_Data!$AB$2:$AB$2203,"World|"&A8)+SUMIFS(Clean_Data!$O$2:$O$2203,Clean_Data!$AB$2:$AB$2203,"World|"&A8) -> 619.46 | K8: =(G8+H8+I8+J8)/B8 -> 0.25088713 | L8: =(H8+I8)/B8 -> 0.069651824 | M8: =C8/B8 -> 0.37911292 | N8: =(C8+D8+E8)/B8 -> 0.64864995 | O8: =B8/B7-1 -> 0.040228349 | P8: =H8/H7-1 -> 0.29351175
A9: 2019 | B9: =SUMIFS(Clean_Data!$F$2:$F$2203,Clean_Data!$AB$2:$AB$2203,"World|"&A9) -> 26832.42 | C9: =SUMIFS(Clean_Data!$G$2:$G$2203,Clean_Data!$AB$2:$AB$2203,"World|"&A9) -> 9826.39 | D9: =SUMIFS(Clean_Data!$H$2:$H$2203,Clean_Data!$AB$2:$AB$2203,"World|"&A9) -> 6401.31 | E9: =SUMIFS(Clean_Data!$I$2:$I$2203,Clean_Data!$AB$2:$AB$2203,"World|"&A9) -> 855.03 | F9: =SUMIFS(Clean_Data!$J$2:$J$2203,Clean_Data!$AB$2:$AB$2203,"World|"&A9) -> 2754.08 | G9: =SUMIFS(Clean_Data!$K$2:$K$2203,Clean_Data!$AB$2:$AB$2203,"World|"&A9) -> 4227.76 | H9: =SUMIFS(Clean_Data!$L$2:$L$2203,Clean_Data!$AB$2:$AB$2203,"World|"&A9) -> 697.94 | I9: =SUMIFS(Clean_Data!$M$2:$M$2203,Clean_Data!$AB$2:$AB$2203,"World|"&A9) -> 1420.96 | J9: =SUMIFS(Clean_Data!$N$2:$N$2203,Clean_Data!$AB$2:$AB$2203,"World|"&A9)+SUMIFS(Clean_Data!$O$2:$O$2203,Clean_Data!$AB$2:$AB$2203,"World|"&A9) -> 648.95 | K9: =(G9+H9+I9+J9)/B9 -> 0.26071484 | L9: =(H9+I9)/B9 -> 0.078967905 | M9: =C9/B9 -> 0.36621333 | N9: =(C9+D9+E9)/B9 -> 0.63664515 | O9: =B9/B8-1 -> 0.013902781 | P9: =H9/H8-1 -> 0.21347103
A10: 2020 | B10: =SUMIFS(Clean_Data!$F$2:$F$2203,Clean_Data!$AB$2:$AB$2203,"World|"&A10) -> 26723.369 | C10: =SUMIFS(Clean_Data!$G$2:$G$2203,Clean_Data!$AB$2:$AB$2203,"World|"&A10) -> 9437.05 | D10: =SUMIFS(Clean_Data!$H$2:$H$2203,Clean_Data!$AB$2:$AB$2203,"World|"&A10) -> 6382.94 | E10: =SUMIFS(Clean_Data!$I$2:$I$2203,Clean_Data!$AB$2:$AB$2203,"World|"&A10) -> 775.88 | F10: =SUMIFS(Clean_Data!$J$2:$J$2203,Clean_Data!$AB$2:$AB$2203,"World|"&A10) -> 2648.33 | G10: =SUMIFS(Clean_Data!$K$2:$K$2203,Clean_Data!$AB$2:$AB$2203,"World|"&A10) -> 4347.02 | H10: =SUMIFS(Clean_Data!$L$2:$L$2203,Clean_Data!$AB$2:$AB$2203,"World|"&A10) -> 853.39 | I10: =SUMIFS(Clean_Data!$M$2:$M$2203,Clean_Data!$AB$2:$AB$2203,"World|"&A10) -> 1591.47 | J10: =SUMIFS(Clean_Data!$N$2:$N$2203,Clean_Data!$AB$2:$AB$2203,"World|"&A10)+SUMIFS(Clean_Data!$O$2:$O$2203,Clean_Data!$AB$2:$AB$2203,"World|"&A10) -> 687.29 | K10: =(G10+H10+I10+J10)/B10 -> 0.27987377 | L10: =(H10+I10)/B10 -> 0.091487716 | M10: =C10/B10 -> 0.35313848 | N10: =(C10+D10+E10)/B10 -> 0.62102462 | O10: =B10/B9-1 -> -0.0040641508 | P10: =H10/H9-1 -> 0.22272688
A11: 2021 | B11: =SUMIFS(Clean_Data!$F$2:$F$2203,Clean_Data!$AB$2:$AB$2203,"World|"&A11) -> 28259.07 | C11: =SUMIFS(Clean_Data!$G$2:$G$2203,Clean_Data!$AB$2:$AB$2203,"World|"&A11) -> 10156.49 | D11: =SUMIFS(Clean_Data!$H$2:$H$2203,Clean_Data!$AB$2:$AB$2203,"World|"&A11) -> 6556.63 | E11: =SUMIFS(Clean_Data!$I$2:$I$2203,Clean_Data!$AB$2:$AB$2203,"World|"&A11) -> 842.25 | F11: =SUMIFS(Clean_Data!$J$2:$J$2203,Clean_Data!$AB$2:$AB$2203,"World|"&A11) -> 2762.44 | G11: =SUMIFS(Clean_Data!$K$2:$K$2203,Clean_Data!$AB$2:$AB$2203,"World|"&A11) -> 4288.7 | H11: =SUMIFS(Clean_Data!$L$2:$L$2203,Clean_Data!$AB$2:$AB$2203,"World|"&A11) -> 1053.99 | I11: =SUMIFS(Clean_Data!$M$2:$M$2203,Clean_Data!$AB$2:$AB$2203,"World|"&A11) -> 1856.94 | J11: =SUMIFS(Clean_Data!$N$2:$N$2203,Clean_Data!$AB$2:$AB$2203,"World|"&A11)+SUMIFS(Clean_Data!$O$2:$O$2203,Clean_Data!$AB$2:$AB$2203,"World|"&A11) -> 741.63 | K11: =(G11+H11+I11+J11)/B11 -> 0.28101633 | L11: =(H11+I11)/B11 -> 0.1030087 | M11: =C11/B11 -> 0.35940638 | N11: =(C11+D11+E11)/B11 -> 0.62122957 | O11: =B11/B10-1 -> 0.057466594 | P11: =H11/H10-1 -> 0.23506252
A12: 2022 | B12: =SUMIFS(Clean_Data!$F$2:$F$2203,Clean_Data!$AB$2:$AB$2203,"World|"&A12) -> 28917.76 | C12: =SUMIFS(Clean_Data!$G$2:$G$2203,Clean_Data!$AB$2:$AB$2203,"World|"&A12) -> 10240.44 | D12: =SUMIFS(Clean_Data!$H$2:$H$2203,Clean_Data!$AB$2:$AB$2203,"World|"&A12) -> 6628.27 | E12: =SUMIFS(Clean_Data!$I$2:$I$2203,Clean_Data!$AB$2:$AB$2203,"World|"&A12) -> 887.42 | F12: =SUMIFS(Clean_Data!$J$2:$J$2203,Clean_Data!$AB$2:$AB$2203,"World|"&A12) -> 2639.64 | G12: =SUMIFS(Clean_Data!$K$2:$K$2203,Clean_Data!$AB$2:$AB$2203,"World|"&A12) -> 4324.07 | H12: =SUMIFS(Clean_Data!$L$2:$L$2203,Clean_Data!$AB$2:$AB$2203,"World|"&A12) -> 1333.12 | I12: =SUMIFS(Clean_Data!$M$2:$M$2203,Clean_Data!$AB$2:$AB$2203,"World|"&A12) -> 2107.66 | J12: =SUMIFS(Clean_Data!$N$2:$N$2203,Clean_Data!$AB$2:$AB$2203,"World|"&A12)+SUMIFS(Clean_Data!$O$2:$O$2203,Clean_Data!$AB$2:$AB$2203,"World|"&A12) -> 757.14 | K12: =(G12+H12+I12+J12)/B12 -> 0.29469745 | L12: =(H12+I12)/B12 -> 0.11898501 | M12: =C12/B12 -> 0.35412286 | N12: =(C12+D12+E12)/B12 -> 0.61402163 | O12: =B12/B11-1 -> 0.023308977 | P12: =H12/H11-1 -> 0.26483173
A13: 2023 | B13: =SUMIFS(Clean_Data!$F$2:$F$2203,Clean_Data!$AB$2:$AB$2203,"World|"&A13) -> 29665.34 | C13: =SUMIFS(Clean_Data!$G$2:$G$2203,Clean_Data!$AB$2:$AB$2203,"World|"&A13) -> 10395.94 | D13: =SUMIFS(Clean_Data!$H$2:$H$2203,Clean_Data!$AB$2:$AB$2203,"World|"&A13) -> 6699.42 | E13: =SUMIFS(Clean_Data!$I$2:$I$2203,Clean_Data!$AB$2:$AB$2203,"World|"&A13) -> 876.79 | F13: =SUMIFS(Clean_Data!$J$2:$J$2203,Clean_Data!$AB$2:$AB$2203,"World|"&A13) -> 2697.74 | G13: =SUMIFS(Clean_Data!$K$2:$K$2203,Clean_Data!$AB$2:$AB$2203,"World|"&A13) -> 4240.11 | H13: =SUMIFS(Clean_Data!$L$2:$L$2203,Clean_Data!$AB$2:$AB$2203,"World|"&A13) -> 1664.14 | I13: =SUMIFS(Clean_Data!$M$2:$M$2203,Clean_Data!$AB$2:$AB$2203,"World|"&A13) -> 2319.18 | J13: =SUMIFS(Clean_Data!$N$2:$N$2203,Clean_Data!$AB$2:$AB$2203,"World|"&A13)+SUMIFS(Clean_Data!$O$2:$O$2203,Clean_Data!$AB$2:$AB$2203,"World|"&A13) -> 772.02 | K13: =(G13+H13+I13+J13)/B13 -> 0.30323098 | L13: =(H13+I13)/B13 -> 0.13427522 | M13: =C13/B13 -> 0.35044062 | N13: =(C13+D13+E13)/B13 -> 0.6058299 | O13: =B13/B12-1 -> 0.025851933 | P13: =H13/H12-1 -> 0.24830473
A14: 2024 | B14: =SUMIFS(Clean_Data!$F$2:$F$2203,Clean_Data!$AB$2:$AB$2203,"World|"&A14) -> 30930.23 | C14: =SUMIFS(Clean_Data!$G$2:$G$2203,Clean_Data!$AB$2:$AB$2203,"World|"&A14) -> 10538.94 | D14: =SUMIFS(Clean_Data!$H$2:$H$2203,Clean_Data!$AB$2:$AB$2203,"World|"&A14) -> 6882.73 | E14: =SUMIFS(Clean_Data!$I$2:$I$2203,Clean_Data!$AB$2:$AB$2203,"World|"&A14) -> 853.84 | F14: =SUMIFS(Clean_Data!$J$2:$J$2203,Clean_Data!$AB$2:$AB$2203,"World|"&A14) -> 2777.11 | G14: =SUMIFS(Clean_Data!$K$2:$K$2203,Clean_Data!$AB$2:$AB$2203,"World|"&A14) -> 4433.65 | H14: =SUMIFS(Clean_Data!$L$2:$L$2203,Clean_Data!$AB$2:$AB$2203,"World|"&A14) -> 2142.65 | I14: =SUMIFS(Clean_Data!$M$2:$M$2203,Clean_Data!$AB$2:$AB$2203,"World|"&A14) -> 2509.5 | J14: =SUMIFS(Clean_Data!$N$2:$N$2203,Clean_Data!$AB$2:$AB$2203,"World|"&A14)+SUMIFS(Clean_Data!$O$2:$O$2203,Clean_Data!$AB$2:$AB$2203,"World|"&A14) -> 791.81 | K14: =(G14+H14+I14+J14)/B14 -> 0.31935133 | L14: =(H14+I14)/B14 -> 0.15040787 | M14: =C14/B14 -> 0.34073267 | N14: =(C14+D14+E14)/B14 -> 0.5908624 | O14: =B14/B13-1 -> 0.042638648 | P14: =H14/H13-1 -> 0.28754191
A15: 2025 | B15: =SUMIFS(Clean_Data!$F$2:$F$2203,Clean_Data!$AB$2:$AB$2203,"World|"&A15) -> 31772.35 | C15: =SUMIFS(Clean_Data!$G$2:$G$2203,Clean_Data!$AB$2:$AB$2203,"World|"&A15) -> 10471.53 | D15: =SUMIFS(Clean_Data!$H$2:$H$2203,Clean_Data!$AB$2:$AB$2203,"World|"&A15) -> 6921.14 | E15: =SUMIFS(Clean_Data!$I$2:$I$2203,Clean_Data!$AB$2:$AB$2203,"World|"&A15) -> 841.62 | F15: =SUMIFS(Clean_Data!$J$2:$J$2203,Clean_Data!$AB$2:$AB$2203,"World|"&A15) -> 2811.57 | G15: =SUMIFS(Clean_Data!$K$2:$K$2203,Clean_Data!$AB$2:$AB$2203,"World|"&A15) -> 4434.97 | H15: =SUMIFS(Clean_Data!$L$2:$L$2203,Clean_Data!$AB$2:$AB$2203,"World|"&A15) -> 2778.64 | I15: =SUMIFS(Clean_Data!$M$2:$M$2203,Clean_Data!$AB$2:$AB$2203,"World|"&A15) -> 2713.14 | J15: =SUMIFS(Clean_Data!$N$2:$N$2203,Clean_Data!$AB$2:$AB$2203,"World|"&A15)+SUMIFS(Clean_Data!$O$2:$O$2203,Clean_Data!$AB$2:$AB$2203,"World|"&A15) -> 799.74 | K15: =(G15+H15+I15+J15)/B15 -> 0.33760455 | L15: =(H15+I15)/B15 -> 0.17284777 | M15: =C15/B15 -> 0.32957996 | N15: =(C15+D15+E15)/B15 -> 0.57390435 | O15: =B15/B14-1 -> 0.027226438 | P15: =H15/H14-1 -> 0.29682403
A17: Change 2015 → 2025 | B17: =B15-B5 -> 7770 | C17: =C15-C5 -> 1187.92 | D17: =D15-D5 -> 1381.26 | E17: =E15-E5 -> -291.67 | F17: =F15-F5 -> 278.64 | G17: =G15-G5 -> 552.84 | H17: =H15-H5 -> 2522.63 | I17: =I15-I5 -> 1883.51 | J17: =J15-J5 -> 254.87 | K17: =(K15-K5)*100 -> 10.793371 | L17: =(L15-L5)*100 -> 12.76172 | M17: =(M15-M5)*100 -> -5.7199246 | N17: =(N15-N5)*100 -> -9.0896384
A18: Solar output multiple (2025 ÷ 2015) | H18: =H15/H5 -> 10.853639
A19: Share of new demand met by solar + wind | H19: =(H17+I17)/B17 -> 0.56707079

Sheet Rankings
A1: Country Rankings
A2: ="Analysis year "&Inputs!$B$6&" · countries generating ≥ "&Inputs!$B$7&" TWh · solar+wind gain measured from "&Inputs!$B$5 -> Analysis year 2024 · countries generating ≥ 20 TWh · solar+wind gain measured from 2015
A4: Top 15 – highest renewable share | G4: Top 15 – fastest solar + wind gain
A5: # | B5: Country | C5: RE Share | D5: Generation (TWh) | E5: Change vs base (pp) | G5: # | H5: Country | I5: Gain (pp) | J5: S+W Share Base | K5: S+W Share Analysis
A6: 1 | B6: =IF(LARGE(Country_Summary!$N$6:$N$217,A6)>-1,INDEX(Country_Summary!$A$6:$A$217,MATCH(LARGE(Country_Summary!$N$6:$N$217,A6),Country_Summary!$N$6:$N$217,0)),"") -> Paraguay | C6: =IF(B6="","",INDEX(Country_Summary!$F$6:$F$217,MATCH(LARGE(Country_Summary!$N$6:$N$217,A6),Country_Summary!$N$6:$N$217,0))) -> 1 | D6: =IF(B6="","",INDEX(Country_Summary!$C$6:$C$217,MATCH(LARGE(Country_Summary!$N$6:$N$217,A6),Country_Summary!$N$6:$N$217,0))) -> 42.41 | E6: =IF(B6="","",INDEX(Country_Summary!$G$6:$G$217,MATCH(LARGE(Country_Summary!$N$6:$N$217,A6),Country_Summary!$N$6:$N$217,0))) -> 0 | G6: 1 | H6: =IF(LARGE(Country_Summary!$O$6:$O$217,G6)>-1,INDEX(Country_Summary!$A$6:$A$217,MATCH(LARGE(Country_Summary!$O$6:$O$217,G6),Country_Summary!$O$6:$O$217,0)),"") -> Netherlands | I6: =IF(H6="","",INDEX(Country_Summary!$J$6:$J$217,MATCH(LARGE(Country_Summary!$O$6:$O$217,G6),Country_Summary!$O$6:$O$217,0))) -> 37.259908 | J6: =IF(H6="","",INDEX(Country_Summary!$H$6:$H$217,MATCH(LARGE(Country_Summary!$O$6:$O$217,G6),Country_Summary!$O$6:$O$217,0))) -> 0.079456831 | K6: =IF(H6="","",INDEX(Country_Summary!$I$6:$I$217,MATCH(LARGE(Country_Summary!$O$6:$O$217,G6),Country_Summary!$O$6:$O$217,0))) -> 0.45205591
A7: 2 | B7: =IF(LARGE(Country_Summary!$N$6:$N$217,A7)>-1,INDEX(Country_Summary!$A$6:$A$217,MATCH(LARGE(Country_Summary!$N$6:$N$217,A7),Country_Summary!$N$6:$N$217,0)),"") -> Ethiopia | C7: =IF(B7="","",INDEX(Country_Summary!$F$6:$F$217,MATCH(LARGE(Country_Summary!$N$6:$N$217,A7),Country_Summary!$N$6:$N$217,0))) -> 1 | D7: =IF(B7="","",INDEX(Country_Summary!$C$6:$C$217,MATCH(LARGE(Country_Summary!$N$6:$N$217,A7),Country_Summary!$N$6:$N$217,0))) -> 25.2 | E7: =IF(B7="","",INDEX(Country_Summary!$G$6:$G$217,MATCH(LARGE(Country_Summary!$N$6:$N$217,A7),Country_Summary!$N$6:$N$217,0))) -> 0 | G7: 2 | H7: =IF(LARGE(Country_Summary!$O$6:$O$217,G7)>-1,INDEX(Country_Summary!$A$6:$A$217,MATCH(LARGE(Country_Summary!$O$6:$O$217,G7),Country_Summary!$O$6:$O$217,0)),"") -> Chile | I7: =IF(H7="","",INDEX(Country_Summary!$J$6:$J$217,MATCH(LARGE(Country_Summary!$O$6:$O$217,G7),Country_Summary!$O$6:$O$217,0))) -> 30.079987 | J7: =IF(H7="","",INDEX(Country_Summary!$H$6:$H$217,MATCH(LARGE(Country_Summary!$O$6:$O$217,G7),Country_Summary!$O$6:$O$217,0))) -> 0.044720331 | K7: =IF(H7="","",INDEX(Country_Summary!$I$6:$I$217,MATCH(LARGE(Country_Summary!$O$6:$O$217,G7),Country_Summary!$O$6:$O$217,0))) -> 0.3455202
A8: 3 | B8: =IF(LARGE(Country_Summary!$N$6:$N$217,A8)>-1,INDEX(Country_Summary!$A$6:$A$217,MATCH(LARGE(Country_Summary!$N$6:$N$217,A8),Country_Summary!$N$6:$N$217,0)),"") -> Norway | C8: =IF(B8="","",INDEX(Country_Summary!$F$6:$F$217,MATCH(LARGE(Country_Summary!$N$6:$N$217,A8),Country_Summary!$N$6:$N$217,0))) -> 0.98606072 | D8: =IF(B8="","",INDEX(Country_Summary!$C$6:$C$217,MATCH(LARGE(Country_Summary!$N$6:$N$217,A8),Country_Summary!$N$6:$N$217,0))) -> 157.11 | E8: =IF(B8="","",INDEX(Country_Summary!$G$6:$G$217,MATCH(LARGE(Country_Summary!$N$6:$N$217,A8),Country_Summary!$N$6:$N$217,0))) -> 0.65502323 | G8: 3 | H8: =IF(LARGE(Country_Summary!$O$6:$O$217,G8)>-1,INDEX(Country_Summary!$A$6:$A$217,MATCH(LARGE(Country_Summary!$O$6:$O$217,G8),Country_Summary!$O$6:$O$217,0)),"") -> Greece | I8: =IF(H8="","",INDEX(Country_Summary!$J$6:$J$217,MATCH(LARGE(Country_Summary!$O$6:$O$217,G8),Country_Summary!$O$6:$O$217,0))) -> 25.023865 | J8: =IF(H8="","",INDEX(Country_Summary!$H$6:$H$217,MATCH(LARGE(Country_Summary!$O$6:$O$217,G8),Country_Summary!$O$6:$O$217,0))) -> 0.1668952 | K8: =IF(H8="","",INDEX(Country_Summary!$I$6:$I$217,MATCH(LARGE(Country_Summary!$O$6:$O$217,G8),Country_Summary!$O$6:$O$217,0))) -> 0.41713385
A9: 4 | B9: =IF(LARGE(Country_Summary!$N$6:$N$217,A9)>-1,INDEX(Country_Summary!$A$6:$A$217,MATCH(LARGE(Country_Summary!$N$6:$N$217,A9),Country_Summary!$N$6:$N$217,0)),"") -> Tajikistan | C9: =IF(B9="","",INDEX(Country_Summary!$F$6:$F$217,MATCH(LARGE(Country_Summary!$N$6:$N$217,A9),Country_Summary!$N$6:$N$217,0))) -> 0.94594595 | D9: =IF(B9="","",INDEX(Country_Summary!$C$6:$C$217,MATCH(LARGE(Country_Summary!$N$6:$N$217,A9),Country_Summary!$N$6:$N$217,0))) -> 22.2 | E9: =IF(B9="","",INDEX(Country_Summary!$G$6:$G$217,MATCH(LARGE(Country_Summary!$N$6:$N$217,A9),Country_Summary!$N$6:$N$217,0))) -> -4.4730045 | G9: 4 | H9: =IF(LARGE(Country_Summary!$O$6:$O$217,G9)>-1,INDEX(Country_Summary!$A$6:$A$217,MATCH(LARGE(Country_Summary!$O$6:$O$217,G9),Country_Summary!$O$6:$O$217,0)),"") -> Germany | I9: =IF(H9="","",INDEX(Country_Summary!$J$6:$J$217,MATCH(LARGE(Country_Summary!$O$6:$O$217,G9),Country_Summary!$O$6:$O$217,0))) -> 24.923869 | J9: =IF(H9="","",INDEX(Country_Summary!$H$6:$H$217,MATCH(LARGE(Country_Summary!$O$6:$O$217,G9),Country_Summary!$O$6:$O$217,0))) -> 0.18570959 | K9: =IF(H9="","",INDEX(Country_Summary!$I$6:$I$217,MATCH(LARGE(Country_Summary!$O$6:$O$217,G9),Country_Summary!$O$6:$O$217,0))) -> 0.43494829
A10: 5 | B10: =IF(LARGE(Country_Summary!$N$6:$N$217,A10)>-1,INDEX(Country_Summary!$A$6:$A$217,MATCH(LARGE(Country_Summary!$N$6:$N$217,A10),Country_Summary!$N$6:$N$217,0)),"") -> Venezuela | C10: =IF(B10="","",INDEX(Country_Summary!$F$6:$F$217,MATCH(LARGE(Country_Summary!$N$6:$N$217,A10),Country_Summary!$N$6:$N$217,0))) -> 0.91139398 | D10: =IF(B10="","",INDEX(Country_Summary!$C$6:$C$217,MATCH(LARGE(Country_Summary!$N$6:$N$217,A10),Country_Summary!$N$6:$N$217,0))) -> 80.13 | E10: =IF(B10="","",INDEX(Country_Summary!$G$6:$G$217,MATCH(LARGE(Country_Summary!$N$6:$N$217,A10),Country_Summary!$N$6:$N$217,0))) -> 32.325095 | G10: 5 | H10: =IF(LARGE(Country_Summary!$O$6:$O$217,G10)>-1,INDEX(Country_Summary!$A$6:$A$217,MATCH(LARGE(Country_Summary!$O$6:$O$217,G10),Country_Summary!$O$6:$O$217,0)),"") -> Hungary | I10: =IF(H10="","",INDEX(Country_Summary!$J$6:$J$217,MATCH(LARGE(Country_Summary!$O$6:$O$217,G10),Country_Summary!$O$6:$O$217,0))) -> 23.289751 | J10: =IF(H10="","",INDEX(Country_Summary!$H$6:$H$217,MATCH(LARGE(Country_Summary!$O$6:$O$217,G10),Country_Summary!$O$6:$O$217,0))) -> 0.027365645 | K10: =IF(H10="","",INDEX(Country_Summary!$I$6:$I$217,MATCH(LARGE(Country_Summary!$O$6:$O$217,G10),Country_Summary!$O$6:$O$217,0))) -> 0.26026316
A11: 6 | B11: =IF(LARGE(Country_Summary!$N$6:$N$217,A11)>-1,INDEX(Country_Summary!$A$6:$A$217,MATCH(LARGE(Country_Summary!$N$6:$N$217,A11),Country_Summary!$N$6:$N$217,0)),"") -> Denmark | C11: =IF(B11="","",INDEX(Country_Summary!$F$6:$F$217,MATCH(LARGE(Country_Summary!$N$6:$N$217,A11),Country_Summary!$N$6:$N$217,0))) -> 0.8918996 | D11: =IF(B11="","",INDEX(Country_Summary!$C$6:$C$217,MATCH(LARGE(Country_Summary!$N$6:$N$217,A11),Country_Summary!$N$6:$N$217,0))) -> 35.06 | E11: =IF(B11="","",INDEX(Country_Summary!$G$6:$G$217,MATCH(LARGE(Country_Summary!$N$6:$N$217,A11),Country_Summary!$N$6:$N$217,0))) -> 23.415116 | G11: 6 | H11: =IF(LARGE(Country_Summary!$O$6:$O$217,G11)>-1,INDEX(Country_Summary!$A$6:$A$217,MATCH(LARGE(Country_Summary!$O$6:$O$217,G11),Country_Summary!$O$6:$O$217,0)),"") -> Jordan | I11: =IF(H11="","",INDEX(Country_Summary!$J$6:$J$217,MATCH(LARGE(Country_Summary!$O$6:$O$217,G11),Country_Summary!$O$6:$O$217,0))) -> 23.1047 | J11: =IF(H11="","",INDEX(Country_Summary!$H$6:$H$217,MATCH(LARGE(Country_Summary!$O$6:$O$217,G11),Country_Summary!$O$6:$O$217,0))) -> 0.0089192025 | K11: =IF(H11="","",INDEX(Country_Summary!$I$6:$I$217,MATCH(LARGE(Country_Summary!$O$6:$O$217,G11),Country_Summary!$O$6:$O$217,0))) -> 0.2399662
A12: 7 | B12: =IF(LARGE(Country_Summary!$N$6:$N$217,A12)>-1,INDEX(Country_Summary!$A$6:$A$217,MATCH(LARGE(Country_Summary!$N$6:$N$217,A12),Country_Summary!$N$6:$N$217,0)),"") -> Brazil | C12: =IF(B12="","",INDEX(Country_Summary!$F$6:$F$217,MATCH(LARGE(Country_Summary!$N$6:$N$217,A12),Country_Summary!$N$6:$N$217,0))) -> 0.87333047 | D12: =IF(B12="","",INDEX(Country_Summary!$C$6:$C$217,MATCH(LARGE(Country_Summary!$N$6:$N$217,A12),Country_Summary!$N$6:$N$217,0))) -> 745.72 | E12: =IF(B12="","",INDEX(Country_Summary!$G$6:$G$217,MATCH(LARGE(Country_Summary!$N$6:$N$217,A12),Country_Summary!$N$6:$N$217,0))) -> 13.125346 | G12: 7 | H12: =IF(LARGE(Country_Summary!$O$6:$O$217,G12)>-1,INDEX(Country_Summary!$A$6:$A$217,MATCH(LARGE(Country_Summary!$O$6:$O$217,G12),Country_Summary!$O$6:$O$217,0)),"") -> Finland | I12: =IF(H12="","",INDEX(Country_Summary!$J$6:$J$217,MATCH(LARGE(Country_Summary!$O$6:$O$217,G12),Country_Summary!$O$6:$O$217,0))) -> 22.537329 | J12: =IF(H12="","",INDEX(Country_Summary!$H$6:$H$217,MATCH(LARGE(Country_Summary!$O$6:$O$217,G12),Country_Summary!$O$6:$O$217,0))) -> 0.034105815 | K12: =IF(H12="","",INDEX(Country_Summary!$I$6:$I$217,MATCH(LARGE(Country_Summary!$O$6:$O$217,G12),Country_Summary!$O$6:$O$217,0))) -> 0.2594791
A13: 8 | B13: =IF(LARGE(Country_Summary!$N$6:$N$217,A13)>-1,INDEX(Country_Summary!$A$6:$A$217,MATCH(LARGE(Country_Summary!$N$6:$N$217,A13),Country_Summary!$N$6:$N$217,0)),"") -> Austria | C13: =IF(B13="","",INDEX(Country_Summary!$F$6:$F$217,MATCH(LARGE(Country_Summary!$N$6:$N$217,A13),Country_Summary!$N$6:$N$217,0))) -> 0.86224035 | D13: =IF(B13="","",INDEX(Country_Summary!$C$6:$C$217,MATCH(LARGE(Country_Summary!$N$6:$N$217,A13),Country_Summary!$N$6:$N$217,0))) -> 78.47 | E13: =IF(B13="","",INDEX(Country_Summary!$G$6:$G$217,MATCH(LARGE(Country_Summary!$N$6:$N$217,A13),Country_Summary!$N$6:$N$217,0))) -> 9.1926329 | G13: 8 | H13: =IF(LARGE(Country_Summary!$O$6:$O$217,G13)>-1,INDEX(Country_Summary!$A$6:$A$217,MATCH(LARGE(Country_Summary!$O$6:$O$217,G13),Country_Summary!$O$6:$O$217,0)),"") -> Australia | I13: =IF(H13="","",INDEX(Country_Summary!$J$6:$J$217,MATCH(LARGE(Country_Summary!$O$6:$O$217,G13),Country_Summary!$O$6:$O$217,0))) -> 22.353788 | J13: =IF(H13="","",INDEX(Country_Summary!$H$6:$H$217,MATCH(LARGE(Country_Summary!$O$6:$O$217,G13),Country_Summary!$O$6:$O$217,0))) -> 0.070987047 | K13: =IF(H13="","",INDEX(Country_Summary!$I$6:$I$217,MATCH(LARGE(Country_Summary!$O$6:$O$217,G13),Country_Summary!$O$6:$O$217,0))) -> 0.29452493
A14: 9 | B14: =IF(LARGE(Country_Summary!$N$6:$N$217,A14)>-1,INDEX(Country_Summary!$A$6:$A$217,MATCH(LARGE(Country_Summary!$N$6:$N$217,A14),Country_Summary!$N$6:$N$217,0)),"") -> New Zealand | C14: =IF(B14="","",INDEX(Country_Summary!$F$6:$F$217,MATCH(LARGE(Country_Summary!$N$6:$N$217,A14),Country_Summary!$N$6:$N$217,0))) -> 0.85980459 | D14: =IF(B14="","",INDEX(Country_Summary!$C$6:$C$217,MATCH(LARGE(Country_Summary!$N$6:$N$217,A14),Country_Summary!$N$6:$N$217,0))) -> 44.01 | E14: =IF(B14="","",INDEX(Country_Summary!$G$6:$G$217,MATCH(LARGE(Country_Summary!$N$6:$N$217,A14),Country_Summary!$N$6:$N$217,0))) -> 5.9024236 | G14: 9 | H14: =IF(LARGE(Country_Summary!$O$6:$O$217,G14)>-1,INDEX(Country_Summary!$A$6:$A$217,MATCH(LARGE(Country_Summary!$O$6:$O$217,G14),Country_Summary!$O$6:$O$217,0)),"") -> Portugal | I14: =IF(H14="","",INDEX(Country_Summary!$J$6:$J$217,MATCH(LARGE(Country_Summary!$O$6:$O$217,G14),Country_Summary!$O$6:$O$217,0))) -> 21.088143 | J14: =IF(H14="","",INDEX(Country_Summary!$H$6:$H$217,MATCH(LARGE(Country_Summary!$O$6:$O$217,G14),Country_Summary!$O$6:$O$217,0))) -> 0.24247165 | K14: =IF(H14="","",INDEX(Country_Summary!$I$6:$I$217,MATCH(LARGE(Country_Summary!$O$6:$O$217,G14),Country_Summary!$O$6:$O$217,0))) -> 0.45335308
A15: 10 | B15: =IF(LARGE(Country_Summary!$N$6:$N$217,A15)>-1,INDEX(Country_Summary!$A$6:$A$217,MATCH(LARGE(Country_Summary!$N$6:$N$217,A15),Country_Summary!$N$6:$N$217,0)),"") -> Portugal | C15: =IF(B15="","",INDEX(Country_Summary!$F$6:$F$217,MATCH(LARGE(Country_Summary!$N$6:$N$217,A15),Country_Summary!$N$6:$N$217,0))) -> 0.85191453 | D15: =IF(B15="","",INDEX(Country_Summary!$C$6:$C$217,MATCH(LARGE(Country_Summary!$N$6:$N$217,A15),Country_Summary!$N$6:$N$217,0))) -> 47.27 | E15: =IF(B15="","",INDEX(Country_Summary!$G$6:$G$217,MATCH(LARGE(Country_Summary!$N$6:$N$217,A15),Country_Summary!$N$6:$N$217,0))) -> 37.557507 | G15: 10 | H15: =IF(LARGE(Country_Summary!$O$6:$O$217,G15)>-1,INDEX(Country_Summary!$A$6:$A$217,MATCH(LARGE(Country_Summary!$O$6:$O$217,G15),Country_Summary!$O$6:$O$217,0)),"") -> United Kingdom | I15: =IF(H15="","",INDEX(Country_Summary!$J$6:$J$217,MATCH(LARGE(Country_Summary!$O$6:$O$217,G15),Country_Summary!$O$6:$O$217,0))) -> 20.406542 | J15: =IF(H15="","",INDEX(Country_Summary!$H$6:$H$217,MATCH(LARGE(Country_Summary!$O$6:$O$217,G15),Country_Summary!$O$6:$O$217,0))) -> 0.14105704 | K15: =IF(H15="","",INDEX(Country_Summary!$I$6:$I$217,MATCH(LARGE(Country_Summary!$O$6:$O$217,G15),Country_Summary!$O$6:$O$217,0))) -> 0.34512247
A16: 11 | B16: =IF(LARGE(Country_Summary!$N$6:$N$217,A16)>-1,INDEX(Country_Summary!$A$6:$A$217,MATCH(LARGE(Country_Summary!$N$6:$N$217,A16),Country_Summary!$N$6:$N$217,0)),"") -> Laos | C16: =IF(B16="","",INDEX(Country_Summary!$F$6:$F$217,MATCH(LARGE(Country_Summary!$N$6:$N$217,A16),Country_Summary!$N$6:$N$217,0))) -> 0.76715733 | D16: =IF(B16="","",INDEX(Country_Summary!$C$6:$C$217,MATCH(LARGE(Country_Summary!$N$6:$N$217,A16),Country_Summary!$N$6:$N$217,0))) -> 52.31 | E16: =IF(B16="","",INDEX(Country_Summary!$G$6:$G$217,MATCH(LARGE(Country_Summary!$N$6:$N$217,A16),Country_Summary!$N$6:$N$217,0))) -> -9.2991184 | G16: 11 | H16: =IF(LARGE(Country_Summary!$O$6:$O$217,G16)>-1,INDEX(Country_Summary!$A$6:$A$217,MATCH(LARGE(Country_Summary!$O$6:$O$217,G16),Country_Summary!$O$6:$O$217,0)),"") -> Brazil | I16: =IF(H16="","",INDEX(Country_Summary!$J$6:$J$217,MATCH(LARGE(Country_Summary!$O$6:$O$217,G16),Country_Summary!$O$6:$O$217,0))) -> 20.380462 | J16: =IF(H16="","",INDEX(Country_Summary!$H$6:$H$217,MATCH(LARGE(Country_Summary!$O$6:$O$217,G16),Country_Summary!$O$6:$O$217,0))) -> 0.037318055 | K16: =IF(H16="","",INDEX(Country_Summary!$I$6:$I$217,MATCH(LARGE(Country_Summary!$O$6:$O$217,G16),Country_Summary!$O$6:$O$217,0))) -> 0.24112267
A17: 12 | B17: =IF(LARGE(Country_Summary!$N$6:$N$217,A17)>-1,INDEX(Country_Summary!$A$6:$A$217,MATCH(LARGE(Country_Summary!$N$6:$N$217,A17),Country_Summary!$N$6:$N$217,0)),"") -> Ecuador | C17: =IF(B17="","",INDEX(Country_Summary!$F$6:$F$217,MATCH(LARGE(Country_Summary!$N$6:$N$217,A17),Country_Summary!$N$6:$N$217,0))) -> 0.72443356 | D17: =IF(B17="","",INDEX(Country_Summary!$C$6:$C$217,MATCH(LARGE(Country_Summary!$N$6:$N$217,A17),Country_Summary!$N$6:$N$217,0))) -> 32.66 | E17: =IF(B17="","",INDEX(Country_Summary!$G$6:$G$217,MATCH(LARGE(Country_Summary!$N$6:$N$217,A17),Country_Summary!$N$6:$N$217,0))) -> 21.339988 | G17: 12 | H17: =IF(LARGE(Country_Summary!$O$6:$O$217,G17)>-1,INDEX(Country_Summary!$A$6:$A$217,MATCH(LARGE(Country_Summary!$O$6:$O$217,G17),Country_Summary!$O$6:$O$217,0)),"") -> Spain | I17: =IF(H17="","",INDEX(Country_Summary!$J$6:$J$217,MATCH(LARGE(Country_Summary!$O$6:$O$217,G17),Country_Summary!$O$6:$O$217,0))) -> 20.093486 | J17: =IF(H17="","",INDEX(Country_Summary!$H$6:$H$217,MATCH(LARGE(Country_Summary!$O$6:$O$217,G17),Country_Summary!$O$6:$O$217,0))) -> 0.22794675 | K17: =IF(H17="","",INDEX(Country_Summary!$I$6:$I$217,MATCH(LARGE(Country_Summary!$O$6:$O$217,G17),Country_Summary!$O$6:$O$217,0))) -> 0.42888161
... A20: 15 | B20: =IF(LARGE(Country_Summary!$N$6:$N$217,A20)>-1,INDEX(Country_Summary!$A$6:$A$217,MATCH(LARGE(Country_Summary!$N$6:$N$217,A20),Country_Summary!$N$6:$N$217,0)),"") -> Switzerland | C20: =IF(B20="","",INDEX(Country_Summary!$F$6:$F$217,MATCH(LARGE(Country_Summary!$N$6:$N$217,A20),Country_Summary!$N$6:$N$217,0))) -> 0.67449279 | D20: =IF(B20="","",INDEX(Country_Summary!$C$6:$C$217,MATCH(LARGE(Country_Summary!$N$6:$N$217,A20),Country_Summary!$N$6:$N$217,0))) -> 78.37 | E20: =IF(B20="","",INDEX(Country_Summary!$G$6:$G$217,MATCH(LARGE(Country_Summary!$N$6:$N$217,A20),Country_Summary!$N$6:$N$217,0))) -> 5.2122577 | G20: 15 | H20: =IF(LARGE(Country_Summary!$O$6:$O$217,G20)>-1,INDEX(Country_Summary!$A$6:$A$217,MATCH(LARGE(Country_Summary!$O$6:$O$217,G20),Country_Summary!$O$6:$O$217,0)),"") -> Belgium | I20: =IF(H20="","",INDEX(Country_Summary!$J$6:$J$217,MATCH(LARGE(Country_Summary!$O$6:$O$217,G20),Country_Summary!$O$6:$O$217,0))) -> 17.147814 | J20: =IF(H20="","",INDEX(Country_Summary!$H$6:$H$217,MATCH(LARGE(Country_Summary!$O$6:$O$217,G20),Country_Summary!$O$6:$O$217,0))) -> 0.12611428 | K20: =IF(H20="","",INDEX(Country_Summary!$I$6:$I$217,MATCH(LARGE(Country_Summary!$O$6:$O$217,G20),Country_Summary!$O$6:$O$217,0))) -> 0.29759242
A22: Top 10 – most coal-dependent
A23: # | B23: Country | C23: Coal Share | D23: Generation (TWh) | E23: Carbon Int. (g/kWh) | G23: Where does India rank?
A24: 1 | B24: =IF(LARGE(Country_Summary!$P$6:$P$217,A24)>-1,INDEX(Country_Summary!$A$6:$A$217,MATCH(LARGE(Country_Summary!$P$6:$P$217,A24),Country_Summary!$P$6:$P$217,0)),"") -> South Africa | C24: =IF(B24="","",INDEX(Country_Summary!$K$6:$K$217,MATCH(LARGE(Country_Summary!$P$6:$P$217,A24),Country_Summary!$P$6:$P$217,0))) -> 0.83552844 | D24: =IF(B24="","",INDEX(Country_Summary!$C$6:$C$217,MATCH(LARGE(Country_Summary!$P$6:$P$217,A24),Country_Summary!$P$6:$P$217,0))) -> 247.52 | E24: =IF(B24="","",INDEX(Country_Summary!$L$6:$L$217,MATCH(LARGE(Country_Summary!$P$6:$P$217,A24),Country_Summary!$P$6:$P$217,0))) -> 717.4 | G24: Metric | H24: India | I24: Rank | J24: of
A25: 2 | B25: =IF(LARGE(Country_Summary!$P$6:$P$217,A25)>-1,INDEX(Country_Summary!$A$6:$A$217,MATCH(LARGE(Country_Summary!$P$6:$P$217,A25),Country_Summary!$P$6:$P$217,0)),"") -> India | C25: =IF(B25="","",INDEX(Country_Summary!$K$6:$K$217,MATCH(LARGE(Country_Summary!$P$6:$P$217,A25),Country_Summary!$P$6:$P$217,0))) -> 0.74534009 | D25: =IF(B25="","",INDEX(Country_Summary!$C$6:$C$217,MATCH(LARGE(Country_Summary!$P$6:$P$217,A25),Country_Summary!$P$6:$P$217,0))) -> 2036.52 | E25: =IF(B25="","",INDEX(Country_Summary!$L$6:$L$217,MATCH(LARGE(Country_Summary!$P$6:$P$217,A25),Country_Summary!$P$6:$P$217,0))) -> 705.4 | G25: RE Share | H25: =INDEX(Country_Summary!$F$6:$F$217,MATCH("India",Country_Summary!$A$6:$A$217,0)) -> 0.19807809 | I25: =IF(INDEX(Country_Summary!$M$6:$M$217,MATCH("India",Country_Summary!$A$6:$A$217,0))="Yes",COUNTIF(Country_Summary!$N$6:$N$217,">"&INDEX(Country_Summary!$N$6:$N$217,MATCH("India",Country_Summary!$A$6:$A$217,0)))+1,"n/a") -> 52 | J25: =COUNTIF(Country_Summary!$M$6:$M$217,"Yes") -> 83
A26: 3 | B26: =IF(LARGE(Country_Summary!$P$6:$P$217,A26)>-1,INDEX(Country_Summary!$A$6:$A$217,MATCH(LARGE(Country_Summary!$P$6:$P$217,A26),Country_Summary!$P$6:$P$217,0)),"") -> Philippines | C26: =IF(B26="","",INDEX(Country_Summary!$K$6:$K$217,MATCH(LARGE(Country_Summary!$P$6:$P$217,A26),Country_Summary!$P$6:$P$217,0))) -> 0.63912378 | D26: =IF(B26="","",INDEX(Country_Summary!$C$6:$C$217,MATCH(LARGE(Country_Summary!$P$6:$P$217,A26),Country_Summary!$P$6:$P$217,0))) -> 124.17 | E26: =IF(B26="","",INDEX(Country_Summary!$L$6:$L$217,MATCH(LARGE(Country_Summary!$P$6:$P$217,A26),Country_Summary!$P$6:$P$217,0))) -> 621.7 | G26: Solar+Wind Gain (pp) | H26: =INDEX(Country_Summary!$J$6:$J$217,MATCH("India",Country_Summary!$A$6:$A$217,0)) -> 7.9899496 | I26: =IF(INDEX(Country_Summary!$M$6:$M$217,MATCH("India",Country_Summary!$A$6:$A$217,0))="Yes",COUNTIF(Country_Summary!$O$6:$O$217,">"&INDEX(Country_Summary!$O$6:$O$217,MATCH("India",Country_Summary!$A$6:$A$217,0)))+1,"n/a") -> 33 | J26: =COUNTIF(Country_Summary!$M$6:$M$217,"Yes") -> 83
A27: 4 | B27: =IF(LARGE(Country_Summary!$P$6:$P$217,A27)>-1,INDEX(Country_Summary!$A$6:$A$217,MATCH(LARGE(Country_Summary!$P$6:$P$217,A27),Country_Summary!$P$6:$P$217,0)),"") -> Serbia | C27: =IF(B27="","",INDEX(Country_Summary!$K$6:$K$217,MATCH(LARGE(Country_Summary!$P$6:$P$217,A27),Country_Summary!$P$6:$P$217,0))) -> 0.629329 | D27: =IF(B27="","",INDEX(Country_Summary!$C$6:$C$217,MATCH(LARGE(Country_Summary!$P$6:$P$217,A27),Country_Summary!$P$6:$P$217,0))) -> 36.96 | E27: =IF(B27="","",INDEX(Country_Summary!$L$6:$L$217,MATCH(LARGE(Country_Summary!$P$6:$P$217,A27),Country_Summary!$P$6:$P$217,0))) -> 666.4 | G27: Coal Share | H27: =INDEX(Country_Summary!$K$6:$K$217,MATCH("India",Country_Summary!$A$6:$A$217,0)) -> 0.74534009 | I27: =IF(INDEX(Country_Summary!$M$6:$M$217,MATCH("India",Country_Summary!$A$6:$A$217,0))="Yes",COUNTIF(Country_Summary!$P$6:$P$217,">"&INDEX(Country_Summary!$P$6:$P$217,MATCH("India",Country_Summary!$A$6:$A$217,0)))+1,"n/a") -> 2 | J27: =COUNTIF(Country_Summary!$M$6:$M$217,"Yes") -> 83
A28: 5 | B28: =IF(LARGE(Country_Summary!$P$6:$P$217,A28)>-1,INDEX(Country_Summary!$A$6:$A$217,MATCH(LARGE(Country_Summary!$P$6:$P$217,A28),Country_Summary!$P$6:$P$217,0)),"") -> Morocco | C28: =IF(B28="","",INDEX(Country_Summary!$K$6:$K$217,MATCH(LARGE(Country_Summary!$P$6:$P$217,A28),Country_Summary!$P$6:$P$217,0))) -> 0.61745283 | D28: =IF(B28="","",INDEX(Country_Summary!$C$6:$C$217,MATCH(LARGE(Country_Summary!$P$6:$P$217,A28),Country_Summary!$P$6:$P$217,0))) -> 42.4 | E28: =IF(B28="","",INDEX(Country_Summary!$L$6:$L$217,MATCH(LARGE(Country_Summary!$P$6:$P$217,A28),Country_Summary!$P$6:$P$217,0))) -> 594.8
A29: 6 | B29: =IF(LARGE(Country_Summary!$P$6:$P$217,A29)>-1,INDEX(Country_Summary!$A$6:$A$217,MATCH(LARGE(Country_Summary!$P$6:$P$217,A29),Country_Summary!$P$6:$P$217,0)),"") -> Indonesia | C29: =IF(B29="","",INDEX(Country_Summary!$K$6:$K$217,MATCH(LARGE(Country_Summary!$P$6:$P$217,A29),Country_Summary!$P$6:$P$217,0))) -> 0.6148194 | D29: =IF(B29="","",INDEX(Country_Summary!$C$6:$C$217,MATCH(LARGE(Country_Summary!$P$6:$P$217,A29),Country_Summary!$P$6:$P$217,0))) -> 371.54 | E29: =IF(B29="","",INDEX(Country_Summary!$L$6:$L$217,MATCH(LARGE(Country_Summary!$P$6:$P$217,A29),Country_Summary!$P$6:$P$217,0))) -> 680.2
A30: 7 | B30: =IF(LARGE(Country_Summary!$P$6:$P$217,A30)>-1,INDEX(Country_Summary!$A$6:$A$217,MATCH(LARGE(Country_Summary!$P$6:$P$217,A30),Country_Summary!$P$6:$P$217,0)),"") -> China | C30: =IF(B30="","",INDEX(Country_Summary!$K$6:$K$217,MATCH(LARGE(Country_Summary!$P$6:$P$217,A30),Country_Summary!$P$6:$P$217,0))) -> 0.57774059 | D30: =IF(B30="","",INDEX(Country_Summary!$C$6:$C$217,MATCH(LARGE(Country_Summary!$P$6:$P$217,A30),Country_Summary!$P$6:$P$217,0))) -> 10086.88 | E30: =IF(B30="","",INDEX(Country_Summary!$L$6:$L$217,MATCH(LARGE(Country_Summary!$P$6:$P$217,A30),Country_Summary!$P$6:$P$217,0))) -> 555.4
A31: 8 | B31: =IF(LARGE(Country_Summary!$P$6:$P$217,A31)>-1,INDEX(Country_Summary!$A$6:$A$217,MATCH(LARGE(Country_Summary!$P$6:$P$217,A31),Country_Summary!$P$6:$P$217,0)),"") -> Poland | C31: =IF(B31="","",INDEX(Country_Summary!$K$6:$K$217,MATCH(LARGE(Country_Summary!$P$6:$P$217,A31),Country_Summary!$P$6:$P$217,0))) -> 0.54322566 | D31: =IF(B31="","",INDEX(Country_Summary!$C$6:$C$217,MATCH(LARGE(Country_Summary!$P$6:$P$217,A31),Country_Summary!$P$6:$P$217,0))) -> 172.12 | E31: =IF(B31="","",INDEX(Country_Summary!$L$6:$L$217,MATCH(LARGE(Country_Summary!$P$6:$P$217,A31),Country_Summary!$P$6:$P$217,0))) -> 608.2
A32: 9 | B32: =IF(LARGE(Country_Summary!$P$6:$P$217,A32)>-1,INDEX(Country_Summary!$A$6:$A$217,MATCH(LARGE(Country_Summary!$P$6:$P$217,A32),Country_Summary!$P$6:$P$217,0)),"") -> Kazakhstan | C32: =IF(B32="","",INDEX(Country_Summary!$K$6:$K$217,MATCH(LARGE(Country_Summary!$P$6:$P$217,A32),Country_Summary!$P$6:$P$217,0))) -> 0.54029196 | D32: =IF(B32="","",INDEX(Country_Summary!$C$6:$C$217,MATCH(LARGE(Country_Summary!$P$6:$P$217,A32),Country_Summary!$P$6:$P$217,0))) -> 118.51 | E32: =IF(B32="","",INDEX(Country_Summary!$L$6:$L$217,MATCH(LARGE(Country_Summary!$P$6:$P$217,A32),Country_Summary!$P$6:$P$217,0))) -> 802
A33: 10 | B33: =IF(LARGE(Country_Summary!$P$6:$P$217,A33)>-1,INDEX(Country_Summary!$A$6:$A$217,MATCH(LARGE(Country_Summary!$P$6:$P$217,A33),Country_Summary!$P$6:$P$217,0)),"") -> Vietnam | C33: =IF(B33="","",INDEX(Country_Summary!$K$6:$K$217,MATCH(LARGE(Country_Summary!$P$6:$P$217,A33),Country_Summary!$P$6:$P$217,0))) -> 0.50322814 | D33: =IF(B33="","",INDEX(Country_Summary!$C$6:$C$217,MATCH(LARGE(Country_Summary!$P$6:$P$217,A33),Country_Summary!$P$6:$P$217,0))) -> 303.58 | E33: =IF(B33="","",INDEX(Country_Summary!$L$6:$L$217,MATCH(LARGE(Country_Summary!$P$6:$P$217,A33),Country_Summary!$P$6:$P$217,0))) -> 484.3

Sheet Insights
A1: Key Insights & Recommendations
A2: Narrative figures reflect the default inputs (base 2015, analysis 2024, World to 2025). Live numbers sit in column C.
A4: # | B4: Finding | C4: Live figure | D4: So what?
A5: 1 | B5: Renewables grew from 23.0% to 33.8% of world electricity (2015→2025), while coal slipped from 38.7% to 33.0%. | C5: =Global_Trends!K15 -> 0.33760455 | D5: The transition is real but gradual – coal output in TWh is still roughly flat because total demand keeps rising.
A6: 2 | B6: Solar is the breakout source: world solar output multiplied 10.9x in ten years; solar + wind added 4,406 TWh. | C6: =Global_Trends!H18 -> 10.853639 | D6: Capacity planners and investors should treat solar as the default growth technology.
A7: 3 | B7: Solar + wind supplied about 57% of the 7,770 TWh increase in global demand since 2015. | C7: =Global_Trends!H19 -> 0.56707079 | D7: Once new clean supply exceeds demand growth, fossil generation starts to decline in absolute terms.
A8: 4 | B8: India's renewable share rose from 14.6% to 24.1% while generation grew 59%; solar output grew 28x. | C8: =SUMIFS(Clean_Data!$V$2:$V$2203,Clean_Data!$AB$2:$AB$2203,"India|2025") -> 0.24067064 | D8: India is adding clean power fast, but demand growth means coal still supplies most electricity.
A9: 5 | B9: India's coal share fell from 76.8% (2015) to 70.8% (2025, preliminary) – still more than double the world average. | C9: =SUMIFS(Clean_Data!$Y$2:$Y$2203,Clean_Data!$AB$2:$AB$2203,"India|2025") -> 0.70818121 | D9: Grid storage and transmission are the bottleneck to watch, not generation technology.
A10: 6 | B10: 25 of 83 large power systems (≥20 TWh) already get at least half their electricity from renewables in 2024; leaders: Ethiopia (100%), Paraguay (100%), Norway (99%). | C10: =COUNTIFS(Country_Summary!$M$6:$M$217,"Yes",Country_Summary!$F$6:$F$217,">="&Inputs!$B$8) -> 25 | D10: High shares come mostly from hydro-rich countries – geography matters as much as policy.
A11: 7 | B11: Fastest solar + wind gains 2015→2024 (pp of total generation): Netherlands (+37.3), Chile (+30.1), Greece (+25.0). | C11: =Rankings!I6 -> 37.259908 | D11: These are the countries to study for replicable policy – they built solar/wind without large hydro.
A13: Limitations
B14: • Electricity is only part of total energy use – transport and heating are excluded.
B15: • 2025 country data is preliminary; some countries report later and figures may be revised.
B16: • Bioenergy is counted as renewable, following OWID/Ember conventions.
B17: • Generation share ≠ installed capacity; solar's low capacity factor means capacity share is higher than generation share.

Sheet Country_Summary
A1: Country Summary – base year vs analysis year
A2: Years and thresholds come from the Inputs sheet. Blank = country did not report that year.
A3: ="Base year: "&Inputs!$B$5&" · Analysis year: "&Inputs!$B$6&" · Ranked if generation ≥ "&Inputs!$B$7&" TWh" -> Base year: 2015 · Analysis year: 2024 · Ranked if generation ≥ 20 TWh
A5: Country | B5: Gen Base (TWh) | C5: Gen Analysis (TWh) | D5: Gen CAGR | E5: RE Share Base | F5: RE Share Analysis | G5: RE Change (pp) | H5: Solar+Wind Base | I5: Solar+Wind Analysis | J5: Solar+Wind Change (pp) | K5: Coal Share Analysis | L5: Carbon Intensity (g/kWh) | M5: Eligible? | N5: Score: RE | O5: Score: S+W Gain | P5: Score: Coal
A6: Afghanistan | B6: =IF(COUNTIFS(Clean_Data!$AB$2:$AB$2203,$A6&"|"&Inputs!$B$5)>0,SUMIFS(Clean_Data!$F$2:$F$2203,Clean_Data!$AB$2:$AB$2203,$A6&"|"&Inputs!$B$5),"") -> 1.18 | C6: =IF(COUNTIFS(Clean_Data!$AB$2:$AB$2203,$A6&"|"&Inputs!$B$6)>0,SUMIFS(Clean_Data!$F$2:$F$2203,Clean_Data!$AB$2:$AB$2203,$A6&"|"&Inputs!$B$6),"") -> 0.99 | D6: =IF(AND(ISNUMBER(B6),ISNUMBER(C6)),IF(AND(B6>0,Inputs!$B$6>Inputs!$B$5),(C6/B6)^(1/(Inputs!$B$6-Inputs!$B$5))-1,""),"") -> -0.019318163 | E6: =IF(ISNUMBER(B6),SUMIFS(Clean_Data!$V$2:$V$2203,Clean_Data!$AB$2:$AB$2203,$A6&"|"&Inputs!$B$5),"") -> 0.87288136 | F6: =IF(ISNUMBER(C6),SUMIFS(Clean_Data!$V$2:$V$2203,Clean_Data!$AB$2:$AB$2203,$A6&"|"&Inputs!$B$6),"") -> 0.86868687 | G6: =IF(AND(ISNUMBER(E6),ISNUMBER(F6)),(F6-E6)*100,"") -> -0.41944872 | H6: =IF(ISNUMBER(B6),SUMIFS(Clean_Data!$X$2:$X$2203,Clean_Data!$AB$2:$AB$2203,$A6&"|"&Inputs!$B$5),"") -> 0.025423729 | I6: =IF(ISNUMBER(C6),SUMIFS(Clean_Data!$X$2:$X$2203,Clean_Data!$AB$2:$AB$2203,$A6&"|"&Inputs!$B$6),"") -> 0.11111111 | J6: =IF(AND(ISNUMBER(H6),ISNUMBER(I6)),(I6-H6)*100,"") -> 8.5687382 | K6: =IF(ISNUMBER(C6),SUMIFS(Clean_Data!$Y$2:$Y$2203,Clean_Data!$AB$2:$AB$2203,$A6&"|"&Inputs!$B$6),"") -> 0.03030303 | L6: =IF(COUNTIFS(Clean_Data!$AB$2:$AB$2203,$A6&"|"&Inputs!$B$6,Clean_Data!$P$2:$P$2203,"<>")>0,SUMIFS(Clean_Data!$P$2:$P$2203,Clean_Data!$AB$2:$AB$2203,$A6&"|"&Inputs!$B$6),"") -> 131.3 | M6: =IF(ISNUMBER(C6),IF(C6>=Inputs!$B$7,"Yes","No"),"No") -> No | N6: =IF(M6="Yes",F6+ROW()/10^9,-1) -> -1 | O6: =IF(AND(M6="Yes",ISNUMBER(J6)),J6+ROW()/10^9,-1000) -> -1000 | P6: =IF(M6="Yes",K6+ROW()/10^9,-1) -> -1
A7: Albania | B7: =IF(COUNTIFS(Clean_Data!$AB$2:$AB$2203,$A7&"|"&Inputs!$B$5)>0,SUMIFS(Clean_Data!$F$2:$F$2203,Clean_Data!$AB$2:$AB$2203,$A7&"|"&Inputs!$B$5),"") -> 5.89 | C7: =IF(COUNTIFS(Clean_Data!$AB$2:$AB$2203,$A7&"|"&Inputs!$B$6)>0,SUMIFS(Clean_Data!$F$2:$F$2203,Clean_Data!$AB$2:$AB$2203,$A7&"|"&Inputs!$B$6),"") -> 8.34 | D7: =IF(AND(ISNUMBER(B7),ISNUMBER(C7)),IF(AND(B7>0,Inputs!$B$6>Inputs!$B$5),(C7/B7)^(1/(Inputs!$B$6-Inputs!$B$5))-1,""),"") -> 0.039401687 | E7: =IF(ISNUMBER(B7),SUMIFS(Clean_Data!$V$2:$V$2203,Clean_Data!$AB$2:$AB$2203,$A7&"|"&Inputs!$B$5),"") -> 1 | F7: =IF(ISNUMBER(C7),SUMIFS(Clean_Data!$V$2:$V$2203,Clean_Data!$AB$2:$AB$2203,$A7&"|"&Inputs!$B$6),"") -> 1 | G7: =IF(AND(ISNUMBER(E7),ISNUMBER(F7)),(F7-E7)*100,"") -> 0 | H7: =IF(ISNUMBER(B7),SUMIFS(Clean_Data!$X$2:$X$2203,Clean_Data!$AB$2:$AB$2203,$A7&"|"&Inputs!$B$5),"") -> 0 | I7: =IF(ISNUMBER(C7),SUMIFS(Clean_Data!$X$2:$X$2203,Clean_Data!$AB$2:$AB$2203,$A7&"|"&Inputs!$B$6),"") -> 0.040767386 | J7: =IF(AND(ISNUMBER(H7),ISNUMBER(I7)),(I7-H7)*100,"") -> 4.0767386 | K7: =IF(ISNUMBER(C7),SUMIFS(Clean_Data!$Y$2:$Y$2203,Clean_Data!$AB$2:$AB$2203,$A7&"|"&Inputs!$B$6),"") -> 0 | L7: =IF(COUNTIFS(Clean_Data!$AB$2:$AB$2203,$A7&"|"&Inputs!$B$6,Clean_Data!$P$2:$P$2203,"<>")>0,SUMIFS(Clean_Data!$P$2:$P$2203,Clean_Data!$AB$2:$AB$2203,$A7&"|"&Inputs!$B$6),"") -> 25.2 | M7: =IF(ISNUMBER(C7),IF(C7>=Inputs!$B$7,"Yes","No"),"No") -> No | N7: =IF(M7="Yes",F7+ROW()/10^9,-1) -> -1 | O7: =IF(AND(M7="Yes",ISNUMBER(J7)),J7+ROW()/10^9,-1000) -> -1000 | P7: =IF(M7="Yes",K7+ROW()/10^9,-1) -> -1
A8: Algeria | B8: =IF(COUNTIFS(Clean_Data!$AB$2:$AB$2203,$A8&"|"&Inputs!$B$5)>0,SUMIFS(Clean_Data!$F$2:$F$2203,Clean_Data!$AB$2:$AB$2203,$A8&"|"&Inputs!$B$5),"") -> 68.84 | C8: =IF(COUNTIFS(Clean_Data!$AB$2:$AB$2203,$A8&"|"&Inputs!$B$6)>0,SUMIFS(Clean_Data!$F$2:$F$2203,Clean_Data!$AB$2:$AB$2203,$A8&"|"&Inputs!$B$6),"") -> 96.36 | D8: =IF(AND(ISNUMBER(B8),ISNUMBER(C8)),IF(AND(B8>0,Inputs!$B$6>Inputs!$B$5),(C8/B8)^(1/(Inputs!$B$6-Inputs!$B$5))-1,""),"") -> 0.038074294 | E8: =IF(ISNUMBER(B8),SUMIFS(Clean_Data!$V$2:$V$2203,Clean_Data!$AB$2:$AB$2203,$A8&"|"&Inputs!$B$5),"") -> 0.0031958164 | F8: =IF(ISNUMBER(C8),SUMIFS(Clean_Data!$V$2:$V$2203,Clean_Data!$AB$2:$AB$2203,$A8&"|"&Inputs!$B$6),"") -> 0.010689083 | G8: =IF(AND(ISNUMBER(E8),ISNUMBER(F8)),(F8-E8)*100,"") -> 0.74932662 | H8: =IF(ISNUMBER(B8),SUMIFS(Clean_Data!$X$2:$X$2203,Clean_Data!$AB$2:$AB$2203,$A8&"|"&Inputs!$B$5),"") -> 0.001162115 | I8: =IF(ISNUMBER(C8),SUMIFS(Clean_Data!$X$2:$X$2203,Clean_Data!$AB$2:$AB$2203,$A8&"|"&Inputs!$B$6),"") -> 0.010481528 | J8: =IF(AND(ISNUMBER(H8),ISNUMBER(I8)),(I8-H8)*100,"") -> 0.93194126 | K8: =IF(ISNUMBER(C8),SUMIFS(Clean_Data!$Y$2:$Y$2203,Clean_Data!$AB$2:$AB$2203,$A8&"|"&Inputs!$B$6),"") -> 0 | L8: =IF(COUNTIFS(Clean_Data!$AB$2:$AB$2203,$A8&"|"&Inputs!$B$6,Clean_Data!$P$2:$P$2203,"<>")>0,SUMIFS(Clean_Data!$P$2:$P$2203,Clean_Data!$AB$2:$AB$2203,$A8&"|"&Inputs!$B$6),"") -> 632.9 | M8: =IF(ISNUMBER(C8),IF(C8>=Inputs!$B$7,"Yes","No"),"No") -> Yes | N8: =IF(M8="Yes",F8+ROW()/10^9,-1) -> 0.010689091 | O8: =IF(AND(M8="Yes",ISNUMBER(J8)),J8+ROW()/10^9,-1000) -> 0.93194126 | P8: =IF(M8="Yes",K8+ROW()/10^9,-1) -> 8e-09
A9: American Samoa | B9: =IF(COUNTIFS(Clean_Data!$AB$2:$AB$2203,$A9&"|"&Inputs!$B$5)>0,SUMIFS(Clean_Data!$F$2:$F$2203,Clean_Data!$AB$2:$AB$2203,$A9&"|"&Inputs!$B$5),"") -> 0.16 | C9: =IF(COUNTIFS(Clean_Data!$AB$2:$AB$2203,$A9&"|"&Inputs!$B$6)>0,SUMIFS(Clean_Data!$F$2:$F$2203,Clean_Data!$AB$2:$AB$2203,$A9&"|"&Inputs!$B$6),"") -> 0.18 | D9: =IF(AND(ISNUMBER(B9),ISNUMBER(C9)),IF(AND(B9>0,Inputs!$B$6>Inputs!$B$5),(C9/B9)^(1/(Inputs!$B$6-Inputs!$B$5))-1,""),"") -> 0.013173014 | E9: =IF(ISNUMBER(B9),SUMIFS(Clean_Data!$V$2:$V$2203,Clean_Data!$AB$2:$AB$2203,$A9&"|"&Inputs!$B$5),"") -> 0 | F9: =IF(ISNUMBER(C9),SUMIFS(Clean_Data!$V$2:$V$2203,Clean_Data!$AB$2:$AB$2203,$A9&"|"&Inputs!$B$6),"") -> 0.055555556 | G9: =IF(AND(ISNUMBER(E9),ISNUMBER(F9)),(F9-E9)*100,"") -> 5.5555556 | H9: =IF(ISNUMBER(B9),SUMIFS(Clean_Data!$X$2:$X$2203,Clean_Data!$AB$2:$AB$2203,$A9&"|"&Inputs!$B$5),"") -> 0 | I9: =IF(ISNUMBER(C9),SUMIFS(Clean_Data!$X$2:$X$2203,Clean_Data!$AB$2:$AB$2203,$A9&"|"&Inputs!$B$6),"") -> 0.055555556 | J9: =IF(AND(ISNUMBER(H9),ISNUMBER(I9)),(I9-H9)*100,"") -> 5.5555556 | K9: =IF(ISNUMBER(C9),SUMIFS(Clean_Data!$Y$2:$Y$2203,Clean_Data!$AB$2:$AB$2203,$A9&"|"&Inputs!$B$6),"") -> 0 | L9: =IF(COUNTIFS(Clean_Data!$AB$2:$AB$2203,$A9&"|"&Inputs!$B$6,Clean_Data!$P$2:$P$2203,"<>")>0,SUMIFS(Clean_Data!$P$2:$P$2203,Clean_Data!$AB$2:$AB$2203,$A9&"|"&Inputs!$B$6),"") -> 611.1 | M9: =IF(ISNUMBER(C9),IF(C9>=Inputs!$B$7,"Yes","No"),"No") -> No | N9: =IF(M9="Yes",F9+ROW()/10^9,-1) -> -1 | O9: =IF(AND(M9="Yes",ISNUMBER(J9)),J9+ROW()/10^9,-1000) -> -1000 | P9: =IF(M9="Yes",K9+ROW()/10^9,-1) -> -1
A10: Angola | B10: =IF(COUNTIFS(Clean_Data!$AB$2:$AB$2203,$A10&"|"&Inputs!$B$5)>0,SUMIFS(Clean_Data!$F$2:$F$2203,Clean_Data!$AB$2:$AB$2203,$A10&"|"&Inputs!$B$5),"") -> 9.78 | C10: =IF(COUNTIFS(Clean_Data!$AB$2:$AB$2203,$A10&"|"&Inputs!$B$6)>0,SUMIFS(Clean_Data!$F$2:$F$2203,Clean_Data!$AB$2:$AB$2203,$A10&"|"&Inputs!$B$6),"") -> 15.59 | D10: =IF(AND(ISNUMBER(B10),ISNUMBER(C10)),IF(AND(B10>0,Inputs!$B$6>Inputs!$B$5),(C10/B10)^(1/(Inputs!$B$6-Inputs!$B$5))-1,""),"") -> 0.053175643 | E10: =IF(ISNUMBER(B10),SUMIFS(Clean_Data!$V$2:$V$2203,Clean_Data!$AB$2:$AB$2203,$A10&"|"&Inputs!$B$5),"") -> 0.54601227 | F10: =IF(ISNUMBER(C10),SUMIFS(Clean_Data!$V$2:$V$2203,Clean_Data!$AB$2:$AB$2203,$A10&"|"&Inputs!$B$6),"") -> 0.7370109 | G10: =IF(AND(ISNUMBER(E10),ISNUMBER(F10)),(F10-E10)*100,"") -> 19.099863 | H10: =IF(ISNUMBER(B10),SUMIFS(Clean_Data!$X$2:$X$2203,Clean_Data!$AB$2:$AB$2203,$A10&"|"&Inputs!$B$5),"") -> 0.0020449898 | I10: =IF(ISNUMBER(C10),SUMIFS(Clean_Data!$X$2:$X$2203,Clean_Data!$AB$2:$AB$2203,$A10&"|"&Inputs!$B$6),"") -> 0.02822322 | J10: =IF(AND(ISNUMBER(H10),ISNUMBER(I10)),(I10-H10)*100,"") -> 2.617823 | K10: =IF(ISNUMBER(C10),SUMIFS(Clean_Data!$Y$2:$Y$2203,Clean_Data!$AB$2:$AB$2203,$A10&"|"&Inputs!$B$6),"") -> 0 | L10: =IF(COUNTIFS(Clean_Data!$AB$2:$AB$2203,$A10&"|"&Inputs!$B$6,Clean_Data!$P$2:$P$2203,"<>")>0,SUMIFS(Clean_Data!$P$2:$P$2203,Clean_Data!$AB$2:$AB$2203,$A10&"|"&Inputs!$B$6),"") -> 185.4 | M10: =IF(ISNUMBER(C10),IF(C10>=Inputs!$B$7,"Yes","No"),"No") -> No | N10: =IF(M10="Yes",F10+ROW()/10^9,-1) -> -1 | O10: =IF(AND(M10="Yes",ISNUMBER(J10)),J10+ROW()/10^9,-1000) -> -1000 | P10: =IF(M10="Yes",K10+ROW()/10^9,-1) -> -1
A11: Antigua and Barbuda | B11: =IF(COUNTIFS(Clean_Data!$AB$2:$AB$2203,$A11&"|"&Inputs!$B$5)>0,SUMIFS(Clean_Data!$F$2:$F$2203,Clean_Data!$AB$2:$AB$2203,$A11&"|"&Inputs!$B$5),"") -> 0.35 | C11: =IF(COUNTIFS(Clean_Data!$AB$2:$AB$2203,$A11&"|"&Inputs!$B$6)>0,SUMIFS(Clean_Data!$F$2:$F$2203,Clean_Data!$AB$2:$AB$2203,$A11&"|"&Inputs!$B$6),"") -> 0.37 | D11: =IF(AND(ISNUMBER(B11),ISNUMBER(C11)),IF(AND(B11>0,Inputs!$B$6>Inputs!$B$5),(C11/B11)^(1/(Inputs!$B$6-Inputs!$B$5))-1,""),"") -> 0.006193529 | E11: =IF(ISNUMBER(B11),SUMIFS(Clean_Data!$V$2:$V$2203,Clean_Data!$AB$2:$AB$2203,$A11&"|"&Inputs!$B$5),"") -> 0.028571429 | F11: =IF(ISNUMBER(C11),SUMIFS(Clean_Data!$V$2:$V$2203,Clean_Data!$AB$2:$AB$2203,$A11&"|"&Inputs!$B$6),"") -> 0.081081081 | G11: =IF(AND(ISNUMBER(E11),ISNUMBER(F11)),(F11-E11)*100,"") -> 5.2509653 | H11: =IF(ISNUMBER(B11),SUMIFS(Clean_Data!$X$2:$X$2203,Clean_Data!$AB$2:$AB$2203,$A11&"|"&Inputs!$B$5),"") -> 0.028571429 | I11: =IF(ISNUMBER(C11),SUMIFS(Clean_Data!$X$2:$X$2203,Clean_Data!$AB$2:$AB$2203,$A11&"|"&Inputs!$B$6),"") -> 0.081081081 | J11: =IF(AND(ISNUMBER(H11),ISNUMBER(I11)),(I11-H11)*100,"") -> 5.2509653 | K11: =IF(ISNUMBER(C11),SUMIFS(Clean_Data!$Y$2:$Y$2203,Clean_Data!$AB$2:$AB$2203,$A11&"|"&Inputs!$B$6),"") -> 0 | L11: =IF(COUNTIFS(Clean_Data!$AB$2:$AB$2203,$A11&"|"&Inputs!$B$6,Clean_Data!$P$2:$P$2203,"<>")>0,SUMIFS(Clean_Data!$P$2:$P$2203,Clean_Data!$AB$2:$AB$2203,$A11&"|"&Inputs!$B$6),"") -> 594.6 | M11: =IF(ISNUMBER(C11),IF(C11>=Inputs!$B$7,"Yes","No"),"No") -> No | N11: =IF(M11="Yes",F11+ROW()/10^9,-1) -> -1 | O11: =IF(AND(M11="Yes",ISNUMBER(J11)),J11+ROW()/10^9,-1000) -> -1000 | P11: =IF(M11="Yes",K11+ROW()/10^9,-1) -> -1
A12: Argentina | B12: =IF(COUNTIFS(Clean_Data!$AB$2:$AB$2203,$A12&"|"&Inputs!$B$5)>0,SUMIFS(Clean_Data!$F$2:$F$2203,Clean_Data!$AB$2:$AB$2203,$A12&"|"&Inputs!$B$5),"") -> 145.42 | C12: =IF(COUNTIFS(Clean_Data!$AB$2:$AB$2203,$A12&"|"&Inputs!$B$6)>0,SUMIFS(Clean_Data!$F$2:$F$2203,Clean_Data!$AB$2:$AB$2203,$A12&"|"&Inputs!$B$6),"") -> 152.51 | D12: =IF(AND(ISNUMBER(B12),ISNUMBER(C12)),IF(AND(B12>0,Inputs!$B$6>Inputs!$B$5),(C12/B12)^(1/(Inputs!$B$6-Inputs!$B$5))-1,""),"") -> 0.0053033533 | E12: =IF(ISNUMBER(B12),SUMIFS(Clean_Data!$V$2:$V$2203,Clean_Data!$AB$2:$AB$2203,$A12&"|"&Inputs!$B$5),"") -> 0.23676248 | F12: =IF(ISNUMBER(C12),SUMIFS(Clean_Data!$V$2:$V$2203,Clean_Data!$AB$2:$AB$2203,$A12&"|"&Inputs!$B$6),"") -> 0.34384631 | G12: =IF(AND(ISNUMBER(E12),ISNUMBER(F12)),(F12-E12)*100,"") -> 10.708382 | H12: =IF(ISNUMBER(B12),SUMIFS(Clean_Data!$X$2:$X$2203,Clean_Data!$AB$2:$AB$2203,$A12&"|"&Inputs!$B$5),"") -> 0.0041259799 | I12: =IF(ISNUMBER(C12),SUMIFS(Clean_Data!$X$2:$X$2203,Clean_Data!$AB$2:$AB$2203,$A12&"|"&Inputs!$B$6),"") -> 0.13205691 | J12: =IF(AND(ISNUMBER(H12),ISNUMBER(I12)),(I12-H12)*100,"") -> 12.793093 | K12: =IF(ISNUMBER(C12),SUMIFS(Clean_Data!$Y$2:$Y$2203,Clean_Data!$AB$2:$AB$2203,$A12&"|"&Inputs!$B$6),"") -> 0.0085896007 | L12: =IF(COUNTIFS(Clean_Data!$AB$2:$AB$2203,$A12&"|"&Inputs!$B$6,Clean_Data!$P$2:$P$2203,"<>")>0,SUMIFS(Clean_Data!$P$2:$P$2203,Clean_Data!$AB$2:$AB$2203,$A12&"|"&Inputs!$B$6),"") -> 344.8 | M12: =IF(ISNUMBER(C12),IF(C12>=Inputs!$B$7,"Yes","No"),"No") -> Yes | N12: =IF(M12="Yes",F12+ROW()/10^9,-1) -> 0.34384632 | O12: =IF(AND(M12="Yes",ISNUMBER(J12)),J12+ROW()/10^9,-1000) -> 12.793093 | P12: =IF(M12="Yes",K12+ROW()/10^9,-1) -> 0.0085896127
A13: Armenia | B13: =IF(COUNTIFS(Clean_Data!$AB$2:$AB$2203,$A13&"|"&Inputs!$B$5)>0,SUMIFS(Clean_Data!$F$2:$F$2203,Clean_Data!$AB$2:$AB$2203,$A13&"|"&Inputs!$B$5),"") -> 7.55 | C13: =IF(COUNTIFS(Clean_Data!$AB$2:$AB$2203,$A13&"|"&Inputs!$B$6)>0,SUMIFS(Clean_Data!$F$2:$F$2203,Clean_Data!$AB$2:$AB$2203,$A13&"|"&Inputs!$B$6),"") -> 9.03 | D13: =IF(AND(ISNUMBER(B13),ISNUMBER(C13)),IF(AND(B13>0,Inputs!$B$6>Inputs!$B$5),(C13/B13)^(1/(Inputs!$B$6-Inputs!$B$5))-1,""),"") -> 0.020088535 | E13: =IF(ISNUMBER(B13),SUMIFS(Clean_Data!$V$2:$V$2203,Clean_Data!$AB$2:$AB$2203,$A13&"|"&Inputs!$B$5),"") -> 0.28874172 | F13: =IF(ISNUMBER(C13),SUMIFS(Clean_Data!$V$2:$V$2203,Clean_Data!$AB$2:$AB$2203,$A13&"|"&Inputs!$B$6),"") -> 0.31893688 | G13: =IF(AND(ISNUMBER(E13),ISNUMBER(F13)),(F13-E13)*100,"") -> 3.0195155 | H13: =IF(ISNUMBER(B13),SUMIFS(Clean_Data!$X$2:$X$2203,Clean_Data!$AB$2:$AB$2203,$A13&"|"&Inputs!$B$5),"") -> 0 | I13: =IF(ISNUMBER(C13),SUMIFS(Clean_Data!$X$2:$X$2203,Clean_Data!$AB$2:$AB$2203,$A13&"|"&Inputs!$B$6),"") -> 0.097452935 | J13: =IF(AND(ISNUMBER(H13),ISNUMBER(I13)),(I13-H13)*100,"") -> 9.7452935 | K13: =IF(ISNUMBER(C13),SUMIFS(Clean_Data!$Y$2:$Y$2203,Clean_Data!$AB$2:$AB$2203,$A13&"|"&Inputs!$B$6),"") -> 0 | L13: =IF(COUNTIFS(Clean_Data!$AB$2:$AB$2203,$A13&"|"&Inputs!$B$6,Clean_Data!$P$2:$P$2203,"<>")>0,SUMIFS(Clean_Data!$P$2:$P$2203,Clean_Data!$AB$2:$AB$2203,$A13&"|"&Inputs!$B$6),"") -> 240.3 | M13: =IF(ISNUMBER(C13),IF(C13>=Inputs!$B$7,"Yes","No"),"No") -> No | N13: =IF(M13="Yes",F13+ROW()/10^9,-1) -> -1 | O13: =IF(AND(M13="Yes",ISNUMBER(J13)),J13+ROW()/10^9,-1000) -> -1000 | P13: =IF(M13="Yes",K13+ROW()/10^9,-1) -> -1
A14: Aruba | B14: =IF(COUNTIFS(Clean_Data!$AB$2:$AB$2203,$A14&"|"&Inputs!$B$5)>0,SUMIFS(Clean_Data!$F$2:$F$2203,Clean_Data!$AB$2:$AB$2203,$A14&"|"&Inputs!$B$5),"") -> 0.97 | C14: =IF(COUNTIFS(Clean_Data!$AB$2:$AB$2203,$A14&"|"&Inputs!$B$6)>0,SUMIFS(Clean_Data!$F$2:$F$2203,Clean_Data!$AB$2:$AB$2203,$A14&"|"&Inputs!$B$6),"") -> 1 | D14: =IF(AND(ISNUMBER(B14),ISNUMBER(C14)),IF(AND(B14>0,Inputs!$B$6>Inputs!$B$5),(C14/B14)^(1/(Inputs!$B$6-Inputs!$B$5))-1,""),"") -> 0.0033900898 | E14: =IF(ISNUMBER(B14),SUMIFS(Clean_Data!$V$2:$V$2203,Clean_Data!$AB$2:$AB$2203,$A14&"|"&Inputs!$B$5),"") -> 0.18556701 | F14: =IF(ISNUMBER(C14),SUMIFS(Clean_Data!$V$2:$V$2203,Clean_Data!$AB$2:$AB$2203,$A14&"|"&Inputs!$B$6),"") -> 0.17 | G14: =IF(AND(ISNUMBER(E14),ISNUMBER(F14)),(F14-E14)*100,"") -> -1.556701 | H14: =IF(ISNUMBER(B14),SUMIFS(Clean_Data!$X$2:$X$2203,Clean_Data!$AB$2:$AB$2203,$A14&"|"&Inputs!$B$5),"") -> 0.18556701 | I14: =IF(ISNUMBER(C14),SUMIFS(Clean_Data!$X$2:$X$2203,Clean_Data!$AB$2:$AB$2203,$A14&"|"&Inputs!$B$6),"") -> 0.17 | J14: =IF(AND(ISNUMBER(H14),ISNUMBER(I14)),(I14-H14)*100,"") -> -1.556701 | K14: =IF(ISNUMBER(C14),SUMIFS(Clean_Data!$Y$2:$Y$2203,Clean_Data!$AB$2:$AB$2203,$A14&"|"&Inputs!$B$6),"") -> 0 | L14: =IF(COUNTIFS(Clean_Data!$AB$2:$AB$2203,$A14&"|"&Inputs!$B$6,Clean_Data!$P$2:$P$2203,"<>")>0,SUMIFS(Clean_Data!$P$2:$P$2203,Clean_Data!$AB$2:$AB$2203,$A14&"|"&Inputs!$B$6),"") -> 550 | M14: =IF(ISNUMBER(C14),IF(C14>=Inputs!$B$7,"Yes","No"),"No") -> No | N14: =IF(M14="Yes",F14+ROW()/10^9,-1) -> -1 | O14: =IF(AND(M14="Yes",ISNUMBER(J14)),J14+ROW()/10^9,-1000) -> -1000 | P14: =IF(M14="Yes",K14+ROW()/10^9,-1) -> -1
A15: Australia | B15: =IF(COUNTIFS(Clean_Data!$AB$2:$AB$2203,$A15&"|"&Inputs!$B$5)>0,SUMIFS(Clean_Data!$F$2:$F$2203,Clean_Data!$AB$2:$AB$2203,$A15&"|"&Inputs!$B$5),"") -> 253.99 | C15: =IF(COUNTIFS(Clean_Data!$AB$2:$AB$2203,$A15&"|"&Inputs!$B$6)>0,SUMIFS(Clean_Data!$F$2:$F$2203,Clean_Data!$AB$2:$AB$2203,$A15&"|"&Inputs!$B$6),"") -> 281.64 | D15: =IF(AND(ISNUMBER(B15),ISNUMBER(C15)),IF(AND(B15>0,Inputs!$B$6>Inputs!$B$5),(C15/B15)^(1/(Inputs!$B$6-Inputs!$B$5))-1,""),"") -> 0.011547807 | E15: =IF(ISNUMBER(B15),SUMIFS(Clean_Data!$V$2:$V$2203,Clean_Data!$AB$2:$AB$2203,$A15&"|"&Inputs!$B$5),"") -> 0.14095043 | F15: =IF(ISNUMBER(C15),SUMIFS(Clean_Data!$V$2:$V$2203,Clean_Data!$AB$2:$AB$2203,$A15&"|"&Inputs!$B$6),"") -> 0.35076694 | G15: =IF(AND(ISNUMBER(E15),ISNUMBER(F15)),(F15-E15)*100,"") -> 20.981651 | H15: =IF(ISNUMBER(B15),SUMIFS(Clean_Data!$X$2:$X$2203,Clean_Data!$AB$2:$AB$2203,$A15&"|"&Inputs!$B$5),"") -> 0.070987047 | I15: =IF(ISNUMBER(C15),SUMIFS(Clean_Data!$X$2:$X$2203,Clean_Data!$AB$2:$AB$2203,$A15&"|"&Inputs!$B$6),"") -> 0.29452493 | J15: =IF(AND(ISNUMBER(H15),ISNUMBER(I15)),(I15-H15)*100,"") -> 22.353788 | K15: =IF(ISNUMBER(C15),SUMIFS(Clean_Data!$Y$2:$Y$2203,Clean_Data!$AB$2:$AB$2203,$A15&"|"&Inputs!$B$6),"") -> 0.45210197 | L15: =IF(COUNTIFS(Clean_Data!$AB$2:$AB$2203,$A15&"|"&Inputs!$B$6,Clean_Data!$P$2:$P$2203,"<>")>0,SUMIFS(Clean_Data!$P$2:$P$2203,Clean_Data!$AB$2:$AB$2203,$A15&"|"&Inputs!$B$6),"") -> 553.8 | M15: =IF(ISNUMBER(C15),IF(C15>=Inputs!$B$7,"Yes","No"),"No") -> Yes | N15: =IF(M15="Yes",F15+ROW()/10^9,-1) -> 0.35076695 | O15: =IF(AND(M15="Yes",ISNUMBER(J15)),J15+ROW()/10^9,-1000) -> 22.353788 | P15: =IF(M15="Yes",K15+ROW()/10^9,-1) -> 0.45210199
A16: Austria | B16: =IF(COUNTIFS(Clean_Data!$AB$2:$AB$2203,$A16&"|"&Inputs!$B$5)>0,SUMIFS(Clean_Data!$F$2:$F$2203,Clean_Data!$AB$2:$AB$2203,$A16&"|"&Inputs!$B$5),"") -> 61.78 | C16: =IF(COUNTIFS(Clean_Data!$AB$2:$AB$2203,$A16&"|"&Inputs!$B$6)>0,SUMIFS(Clean_Data!$F$2:$F$2203,Clean_Data!$AB$2:$AB$2203,$A16&"|"&Inputs!$B$6),"") -> 78.47 | D16: =IF(AND(ISNUMBER(B16),ISNUMBER(C16)),IF(AND(B16>0,Inputs!$B$6>Inputs!$B$5),(C16/B16)^(1/(Inputs!$B$6-Inputs!$B$5))-1,""),"") -> 0.026926894 | E16: =IF(ISNUMBER(B16),SUMIFS(Clean_Data!$V$2:$V$2203,Clean_Data!$AB$2:$AB$2203,$A16&"|"&Inputs!$B$5),"") -> 0.77031402 | F16: =IF(ISNUMBER(C16),SUMIFS(Clean_Data!$V$2:$V$2203,Clean_Data!$AB$2:$AB$2203,$A16&"|"&Inputs!$B$6),"") -> 0.86224035 | G16: =IF(AND(ISNUMBER(E16),ISNUMBER(F16)),(F16-E16)*100,"") -> 9.1926329 | H16: =IF(ISNUMBER(B16),SUMIFS(Clean_Data!$X$2:$X$2203,Clean_Data!$AB$2:$AB$2203,$A16&"|"&Inputs!$B$5),"") -> 0.093557786 | I16: =IF(ISNUMBER(C16),SUMIFS(Clean_Data!$X$2:$X$2203,Clean_Data!$AB$2:$AB$2203,$A16&"|"&Inputs!$B$6),"") -> 0.22021155 | J16: =IF(AND(ISNUMBER(H16),ISNUMBER(I16)),(I16-H16)*100,"") -> 12.665376 | K16: =IF(ISNUMBER(C16),SUMIFS(Clean_Data!$Y$2:$Y$2203,Clean_Data!$AB$2:$AB$2203,$A16&"|"&Inputs!$B$6),"") -> 0 | L16: =IF(COUNTIFS(Clean_Data!$AB$2:$AB$2203,$A16&"|"&Inputs!$B$6,Clean_Data!$P$2:$P$2203,"<>")>0,SUMIFS(Clean_Data!$P$2:$P$2203,Clean_Data!$AB$2:$AB$2203,$A16&"|"&Inputs!$B$6),"") -> 103.5 | M16: =IF(ISNUMBER(C16),IF(C16>=Inputs!$B$7,"Yes","No"),"No") -> Yes | N16: =IF(M16="Yes",F16+ROW()/10^9,-1) -> 0.86224036 | O16: =IF(AND(M16="Yes",ISNUMBER(J16)),J16+ROW()/10^9,-1000) -> 12.665376 | P16: =IF(M16="Yes",K16+ROW()/10^9,-1) -> 1.6e-08
A17: Azerbaijan | B17: =IF(COUNTIFS(Clean_Data!$AB$2:$AB$2203,$A17&"|"&Inputs!$B$5)>0,SUMIFS(Clean_Data!$F$2:$F$2203,Clean_Data!$AB$2:$AB$2203,$A17&"|"&Inputs!$B$5),"") -> 24.57 | C17: =IF(COUNTIFS(Clean_Data!$AB$2:$AB$2203,$A17&"|"&Inputs!$B$6)>0,SUMIFS(Clean_Data!$F$2:$F$2203,Clean_Data!$AB$2:$AB$2203,$A17&"|"&Inputs!$B$6),"") -> 27.84 | D17: =IF(AND(ISNUMBER(B17),ISNUMBER(C17)),IF(AND(B17>0,Inputs!$B$6>Inputs!$B$5),(C17/B17)^(1/(Inputs!$B$6-Inputs!$B$5))-1,""),"") -> 0.013979889 | E17: =IF(ISNUMBER(B17),SUMIFS(Clean_Data!$V$2:$V$2203,Clean_Data!$AB$2:$AB$2203,$A17&"|"&Inputs!$B$5),"") -> 0.06959707 | F17: =IF(ISNUMBER(C17),SUMIFS(Clean_Data!$V$2:$V$2203,Clean_Data!$AB$2:$AB$2203,$A17&"|"&Inputs!$B$6),"") -> 0.1174569 | G17: =IF(AND(ISNUMBER(E17),ISNUMBER(F17)),(F17-E17)*100,"") -> 4.7859827 | H17: =IF(ISNUMBER(B17),SUMIFS(Clean_Data!$X$2:$X$2203,Clean_Data!$AB$2:$AB$2203,$A17&"|"&Inputs!$B$5),"") -> 0 | I17: =IF(ISNUMBER(C17),SUMIFS(Clean_Data!$X$2:$X$2203,Clean_Data!$AB$2:$AB$2203,$A17&"|"&Inputs!$B$6),"") -> 0.0061063218 | J17: =IF(AND(ISNUMBER(H17),ISNUMBER(I17)),(I17-H17)*100,"") -> 0.61063218 | K17: =IF(ISNUMBER(C17),SUMIFS(Clean_Data!$Y$2:$Y$2203,Clean_Data!$AB$2:$AB$2203,$A17&"|"&Inputs!$B$6),"") -> 0 | L17: =IF(COUNTIFS(Clean_Data!$AB$2:$AB$2203,$A17&"|"&Inputs!$B$6,Clean_Data!$P$2:$P$2203,"<>")>0,SUMIFS(Clean_Data!$P$2:$P$2203,Clean_Data!$AB$2:$AB$2203,$A17&"|"&Inputs!$B$6),"") -> 634.3 | M17: =IF(ISNUMBER(C17),IF(C17>=Inputs!$B$7,"Yes","No"),"No") -> Yes | N17: =IF(M17="Yes",F17+ROW()/10^9,-1) -> 0.11745691 | O17: =IF(AND(M17="Yes",ISNUMBER(J17)),J17+ROW()/10^9,-1000) -> 0.6106322 | P17: =IF(M17="Yes",K17+ROW()/10^9,-1) -> 1.7e-08
... A217: Zimbabwe | B217: =IF(COUNTIFS(Clean_Data!$AB$2:$AB$2203,$A217&"|"&Inputs!$B$5)>0,SUMIFS(Clean_Data!$F$2:$F$2203,Clean_Data!$AB$2:$AB$2203,$A217&"|"&Inputs!$B$5),"") -> 9.59 | C217: =IF(COUNTIFS(Clean_Data!$AB$2:$AB$2203,$A217&"|"&Inputs!$B$6)>0,SUMIFS(Clean_Data!$F$2:$F$2203,Clean_Data!$AB$2:$AB$2203,$A217&"|"&Inputs!$B$6),"") -> 10.26 | D217: =IF(AND(ISNUMBER(B217),ISNUMBER(C217)),IF(AND(B217>0,Inputs!$B$6>Inputs!$B$5),(C217/B217)^(1/(Inputs!$B$6-Inputs!$B$5))-1,""),"") -> 0.0075317723 | E217: =IF(ISNUMBER(B217),SUMIFS(Clean_Data!$V$2:$V$2203,Clean_Data!$AB$2:$AB$2203,$A217&"|"&Inputs!$B$5),"") -> 0.52554745 | F217: =IF(ISNUMBER(C217),SUMIFS(Clean_Data!$V$2:$V$2203,Clean_Data!$AB$2:$AB$2203,$A217&"|"&Inputs!$B$6),"") -> 0.5711501 | G217: =IF(AND(ISNUMBER(E217),ISNUMBER(F217)),(F217-E217)*100,"") -> 4.5602652 | H217: =IF(ISNUMBER(B217),SUMIFS(Clean_Data!$X$2:$X$2203,Clean_Data!$AB$2:$AB$2203,$A217&"|"&Inputs!$B$5),"") -> 0.0010427529 | I217: =IF(ISNUMBER(C217),SUMIFS(Clean_Data!$X$2:$X$2203,Clean_Data!$AB$2:$AB$2203,$A217&"|"&Inputs!$B$6),"") -> 0.0038986355 | J217: =IF(AND(ISNUMBER(H217),ISNUMBER(I217)),(I217-H217)*100,"") -> 0.28558826 | K217: =IF(ISNUMBER(C217),SUMIFS(Clean_Data!$Y$2:$Y$2203,Clean_Data!$AB$2:$AB$2203,$A217&"|"&Inputs!$B$6),"") -> 0.4288499 | L217: =IF(COUNTIFS(Clean_Data!$AB$2:$AB$2203,$A217&"|"&Inputs!$B$6,Clean_Data!$P$2:$P$2203,"<>")>0,SUMIFS(Clean_Data!$P$2:$P$2203,Clean_Data!$AB$2:$AB$2203,$A217&"|"&Inputs!$B$6),"") -> 384 | M217: =IF(ISNUMBER(C217),IF(C217>=Inputs!$B$7,"Yes","No"),"No") -> No | N217: =IF(M217="Yes",F217+ROW()/10^9,-1) -> -1 | O217: =IF(AND(M217="Yes",ISNUMBER(J217)),J217+ROW()/10^9,-1000) -> -1000 | P217: =IF(M217="Yes",K217+ROW()/10^9,-1) -> -1

Sheet Clean_Data
A1: Country | B1: ISO_Code | C1: Entity_Type | D1: Year | E1: Population | F1: Total_Gen_TWh | G1: Coal_TWh | H1: Gas_TWh | I1: Oil_TWh | J1: Nuclear_TWh | K1: Hydro_TWh | L1: Solar_TWh | M1: Wind_TWh | N1: Bioenergy_TWh | O1: Other_RE_TWh | P1: Carbon_Intensity_g_kWh | Q1: Fields_Filled | R1: Fossil_TWh | S1: Renewable_TWh | T1: Solar_Wind_TWh | U1: Low_Carbon_TWh | V1: Renewable_Share | W1: Fossil_Share | X1: Solar_Wind_Share | Y1: Coal_Share | Z1: kWh_per_Person | AA1: Mix_Check | AB1: Key
A2: World | C2: World | D2: 2015 | E2: 7470491876 | F2: 24002.35 | G2: 9283.61 | H2: 5539.88 | I2: 1133.29 | J2: 2532.93 | K2: 3882.13 | L2: 256.01 | M2: 829.63 | N2: 471.79 | O2: 73.08 | P2: 533.4 | Q2: 0 | R2: =G2+H2+I2 -> 15956.78 | S2: =K2+L2+M2+N2+O2 -> 5512.64 | T2: =L2+M2 -> 1085.64 | U2: =S2+J2 -> 8045.57 | V2: =IFERROR(S2/F2,0) -> 0.22967084 | W2: =IFERROR(R2/F2,0) -> 0.66480074 | X2: =IFERROR(T2/F2,0) -> 0.045230571 | Y2: =IFERROR(G2/F2,0) -> 0.38677921 | Z2: =IF(E2>0,F2*1000000000/E2,"") -> 3212.9544 | AA2: =IFERROR((R2+S2+J2)/F2,0) -> 1 | AB2: =A2&"|"&D2 -> World|2015
A3: World | C3: World | D3: 2016 | E3: 7558554527 | F3: 24694.51 | G3: 9327.96 | H3: 5849.92 | I3: 1085.11 | J3: 2571.05 | K3: 4014.75 | L3: 327.47 | M3: 960.3 | N3: 482.08 | O3: 75.87 | P3: 525.3 | Q3: 0 | R3: =G3+H3+I3 -> 16262.99 | S3: =K3+L3+M3+N3+O3 -> 5860.47 | T3: =L3+M3 -> 1287.77 | U3: =S3+J3 -> 8431.52 | V3: =IFERROR(S3/F3,0) -> 0.23731874 | W3: =IFERROR(R3/F3,0) -> 0.65856703 | X3: =IFERROR(T3/F3,0) -> 0.052148028 | Y3: =IFERROR(G3/F3,0) -> 0.37773416 | Z3: =IF(E3>0,F3*1000000000/E3,"") -> 3267.0942 | AA3: =IFERROR((R3+S3+J3)/F3,0) -> 1 | AB3: =A3&"|"&D3 -> World|2016
A4: World | C4: World | D4: 2017 | E4: 7645617952 | F4: 25441.039 | G4: 9655.05 | H4: 5973.6 | I4: 993.83 | J4: 2594.23 | K4: 4054.03 | L4: 444.65 | M4: 1139.44 | N4: 507.39 | O4: 78.82 | P4: 522 | Q4: 0 | R4: =G4+H4+I4 -> 16622.48 | S4: =K4+L4+M4+N4+O4 -> 6224.33 | T4: =L4+M4 -> 1584.09 | U4: =S4+J4 -> 8818.56 | V4: =IFERROR(S4/F4,0) -> 0.24465707 | W4: =IFERROR(R4/F4,0) -> 0.65337269 | X4: =IFERROR(T4/F4,0) -> 0.062265146 | Y4: =IFERROR(G4/F4,0) -> 0.37950691 | Z4: =IF(E4>0,F4*1000000000/E4,"") -> 3327.5321 | AA4: =IFERROR((R4+S4+J4)/F4,0) -> 1 | AB4: =A4&"|"&D4 -> World|2017
A5: World | C5: World | D5: 2018 | E5: 7729902779 | F5: 26464.49 | G5: 10033.03 | H5: 6224.56 | I5: 908.6 | J5: 2658.7 | K5: 4176.84 | L5: 575.16 | M5: 1268.14 | N5: 537.74 | O5: 81.72 | P5: 518.5 | Q5: 0 | R5: =G5+H5+I5 -> 17166.19 | S5: =K5+L5+M5+N5+O5 -> 6639.6 | T5: =L5+M5 -> 1843.3 | U5: =S5+J5 -> 9298.3 | V5: =IFERROR(S5/F5,0) -> 0.25088713 | W5: =IFERROR(R5/F5,0) -> 0.64864995 | X5: =IFERROR(T5/F5,0) -> 0.069651824 | Y5: =IFERROR(G5/F5,0) -> 0.37911292 | Z5: =IF(E5>0,F5*1000000000/E5,"") -> 3423.6511 | AA5: =IFERROR((R5+S5+J5)/F5,0) -> 1 | AB5: =A5&"|"&D5 -> World|2018
A6: World | C6: World | D6: 2019 | E6: 7811293699 | F6: 26832.42 | G6: 9826.39 | H6: 6401.31 | I6: 855.03 | J6: 2754.08 | K6: 4227.76 | L6: 697.94 | M6: 1420.96 | N6: 566 | O6: 82.95 | P6: 505.8 | Q6: 0 | R6: =G6+H6+I6 -> 17082.73 | S6: =K6+L6+M6+N6+O6 -> 6995.61 | T6: =L6+M6 -> 2118.9 | U6: =S6+J6 -> 9749.69 | V6: =IFERROR(S6/F6,0) -> 0.26071484 | W6: =IFERROR(R6/F6,0) -> 0.63664515 | X6: =IFERROR(T6/F6,0) -> 0.078967905 | Y6: =IFERROR(G6/F6,0) -> 0.36621333 | Z6: =IF(E6>0,F6*1000000000/E6,"") -> 3435.0802 | AA6: =IFERROR((R6+S6+J6)/F6,0) -> 1 | AB6: =A6&"|"&D6 -> World|2019
A7: World | C7: World | D7: 2020 | E7: 7887001289 | F7: 26723.369 | G7: 9437.05 | H7: 6382.94 | I7: 775.88 | J7: 2648.33 | K7: 4347.02 | L7: 853.39 | M7: 1591.47 | N7: 601.17 | O7: 86.12 | P7: 492.1 | Q7: 0 | R7: =G7+H7+I7 -> 16595.87 | S7: =K7+L7+M7+N7+O7 -> 7479.17 | T7: =L7+M7 -> 2444.86 | U7: =S7+J7 -> 10127.5 | V7: =IFERROR(S7/F7,0) -> 0.27987377 | W7: =IFERROR(R7/F7,0) -> 0.62102462 | X7: =IFERROR(T7/F7,0) -> 0.091487716 | Y7: =IFERROR(G7/F7,0) -> 0.35313848 | Z7: =IF(E7>0,F7*1000000000/E7,"") -> 3388.28 | AA7: =IFERROR((R7+S7+J7)/F7,0) -> 1 | AB7: =A7&"|"&D7 -> World|2020
A8: World | C8: World | D8: 2021 | E8: 7954448387 | F8: 28259.07 | G8: 10156.49 | H8: 6556.63 | I8: 842.25 | J8: 2762.44 | K8: 4288.7 | L8: 1053.99 | M8: 1856.94 | N8: 655.3 | O8: 86.33 | P8: 494.8 | Q8: 0 | R8: =G8+H8+I8 -> 17555.37 | S8: =K8+L8+M8+N8+O8 -> 7941.26 | T8: =L8+M8 -> 2910.93 | U8: =S8+J8 -> 10703.7 | V8: =IFERROR(S8/F8,0) -> 0.28101633 | W8: =IFERROR(R8/F8,0) -> 0.62122957 | X8: =IFERROR(T8/F8,0) -> 0.1030087 | Y8: =IFERROR(G8/F8,0) -> 0.35940638 | Z8: =IF(E8>0,F8*1000000000/E8,"") -> 3552.6122 | AA8: =IFERROR((R8+S8+J8)/F8,0) -> 1 | AB8: =A8&"|"&D8 -> World|2021
A9: World | C9: World | D9: 2022 | E9: 8021407196 | F9: 28917.76 | G9: 10240.44 | H9: 6628.27 | I9: 887.42 | J9: 2639.64 | K9: 4324.07 | L9: 1333.12 | M9: 2107.66 | N9: 669.2 | O9: 87.94 | P9: 489.5 | Q9: 0 | R9: =G9+H9+I9 -> 17756.13 | S9: =K9+L9+M9+N9+O9 -> 8521.99 | T9: =L9+M9 -> 3440.78 | U9: =S9+J9 -> 11161.63 | V9: =IFERROR(S9/F9,0) -> 0.29469745 | W9: =IFERROR(R9/F9,0) -> 0.61402163 | X9: =IFERROR(T9/F9,0) -> 0.11898501 | Y9: =IFERROR(G9/F9,0) -> 0.35412286 | Z9: =IF(E9>0,F9*1000000000/E9,"") -> 3605.0732 | AA9: =IFERROR((R9+S9+J9)/F9,0) -> 1 | AB9: =A9&"|"&D9 -> World|2022
A10: World | C10: World | D10: 2023 | E10: 8091734933 | F10: 29665.34 | G10: 10395.94 | H10: 6699.42 | I10: 876.79 | J10: 2697.74 | K10: 4240.11 | L10: 1664.14 | M10: 2319.18 | N10: 683.62 | O10: 88.4 | P10: 483.2 | Q10: 0 | R10: =G10+H10+I10 -> 17972.15 | S10: =K10+L10+M10+N10+O10 -> 8995.45 | T10: =L10+M10 -> 3983.32 | U10: =S10+J10 -> 11693.19 | V10: =IFERROR(S10/F10,0) -> 0.30323098 | W10: =IFERROR(R10/F10,0) -> 0.6058299 | X10: =IFERROR(T10/F10,0) -> 0.13427522 | Y10: =IFERROR(G10/F10,0) -> 0.35044062 | Z10: =IF(E10>0,F10*1000000000/E10,"") -> 3666.1285 | AA10: =IFERROR((R10+S10+J10)/F10,0) -> 1 | AB10: =A10&"|"&D10 -> World|2023
A11: World | C11: World | D11: 2024 | E11: 8161972574 | F11: 30930.23 | G11: 10538.94 | H11: 6882.73 | I11: 853.84 | J11: 2777.11 | K11: 4433.65 | L11: 2142.65 | M11: 2509.5 | N11: 703.37 | O11: 88.44 | P11: 471.1 | Q11: 0 | R11: =G11+H11+I11 -> 18275.51 | S11: =K11+L11+M11+N11+O11 -> 9877.61 | T11: =L11+M11 -> 4652.15 | U11: =S11+J11 -> 12654.72 | V11: =IFERROR(S11/F11,0) -> 0.31935133 | W11: =IFERROR(R11/F11,0) -> 0.5908624 | X11: =IFERROR(T11/F11,0) -> 0.15040787 | Y11: =IFERROR(G11/F11,0) -> 0.34073267 | Z11: =IF(E11>0,F11*1000000000/E11,"") -> 3789.5533 | AA11: =IFERROR((R11+S11+J11)/F11,0) -> 1 | AB11: =A11&"|"&D11 -> World|2024
A12: World | C12: World | D12: 2025 | E12: 8231613067 | F12: 31772.35 | G12: 10471.53 | H12: 6921.14 | I12: 841.62 | J12: 2811.57 | K12: 4434.97 | L12: 2778.64 | M12: 2713.14 | N12: 710.41 | O12: 89.33 | P12: 458.3 | Q12: 0 | R12: =G12+H12+I12 -> 18234.29 | S12: =K12+L12+M12+N12+O12 -> 10726.49 | T12: =L12+M12 -> 5491.78 | U12: =S12+J12 -> 13538.06 | V12: =IFERROR(S12/F12,0) -> 0.33760455 | W12: =IFERROR(R12/F12,0) -> 0.57390435 | X12: =IFERROR(T12/F12,0) -> 0.17284777 | Y12: =IFERROR(G12/F12,0) -> 0.32957996 | Z12: =IF(E12>0,F12*1000000000/E12,"") -> 3859.7963 | AA12: =IFERROR((R12+S12+J12)/F12,0) -> 1 | AB12: =A12&"|"&D12 -> World|2025
A13: Afghanistan | B13: AFG | C13: Country | D13: 2015 | E13: 33831767 | F13: 1.18 | G13: 0.1 | H13: 0 | I13: 0.05 | J13: 0 | K13: 1 | L13: 0.03 | M13: 0 | N13: 0 | O13: 0 | P13: 118.6 | Q13: 0 | R13: =G13+H13+I13 -> 0.15 | S13: =K13+L13+M13+N13+O13 -> 1.03 | T13: =L13+M13 -> 0.03 | U13: =S13+J13 -> 1.03 | V13: =IFERROR(S13/F13,0) -> 0.87288136 | W13: =IFERROR(R13/F13,0) -> 0.12711864 | X13: =IFERROR(T13/F13,0) -> 0.025423729 | Y13: =IFERROR(G13/F13,0) -> 0.084745763 | Z13: =IF(E13>0,F13*1000000000/E13,"") -> 34.878462 | AA13: =IFERROR((R13+S13+J13)/F13,0) -> 1 | AB13: =A13&"|"&D13 -> Afghanistan|2015
A14: Afghanistan | B14: AFG | C14: Country | D14: 2016 | E14: 34700613 | F14: 1.21 | G14: 0.09 | H14: 0 | I14: 0.06 | J14: 0 | K14: 1.02 | L14: 0.04 | M14: 0 | N14: 0 | O14: 0 | P14: 115.7 | Q14: 0 | R14: =G14+H14+I14 -> 0.15 | S14: =K14+L14+M14+N14+O14 -> 1.06 | T14: =L14+M14 -> 0.04 | U14: =S14+J14 -> 1.06 | V14: =IFERROR(S14/F14,0) -> 0.87603306 | W14: =IFERROR(R14/F14,0) -> 0.12396694 | X14: =IFERROR(T14/F14,0) -> 0.033057851 | Y14: =IFERROR(G14/F14,0) -> 0.074380165 | Z14: =IF(E14>0,F14*1000000000/E14,"") -> 34.869701 | AA14: =IFERROR((R14+S14+J14)/F14,0) -> 1 | AB14: =A14&"|"&D14 -> Afghanistan|2016
A15: Afghanistan | B15: AFG | C15: Country | D15: 2017 | E15: 35688941 | F15: 1.26 | G15: 0.11 | H15: 0 | I15: 0.06 | J15: 0 | K15: 1.05 | L15: 0.04 | M15: 0 | N15: 0 | O15: 0 | P15: 127 | Q15: 0 | R15: =G15+H15+I15 -> 0.17 | S15: =K15+L15+M15+N15+O15 -> 1.09 | T15: =L15+M15 -> 0.04 | U15: =S15+J15 -> 1.09 | V15: =IFERROR(S15/F15,0) -> 0.86507937 | W15: =IFERROR(R15/F15,0) -> 0.13492063 | X15: =IFERROR(T15/F15,0) -> 0.031746032 | Y15: =IFERROR(G15/F15,0) -> 0.087301587 | Z15: =IF(E15>0,F15*1000000000/E15,"") -> 35.305054 | AA15: =IFERROR((R15+S15+J15)/F15,0) -> 1 | AB15: =A15&"|"&D15 -> Afghanistan|2017
A16: Afghanistan | B16: AFG | C16: Country | D16: 2018 | E16: 36743040 | F16: 1.17 | G16: 0.12 | H16: 0 | I16: 0.08 | J16: 0 | K16: 0.93 | L16: 0.04 | M16: 0 | N16: 0 | O16: 0 | P16: 153.8 | Q16: 0 | R16: =G16+H16+I16 -> 0.2 | S16: =K16+L16+M16+N16+O16 -> 0.97 | T16: =L16+M16 -> 0.04 | U16: =S16+J16 -> 0.97 | V16: =IFERROR(S16/F16,0) -> 0.82905983 | W16: =IFERROR(R16/F16,0) -> 0.17094017 | X16: =IFERROR(T16/F16,0) -> 0.034188034 | Y16: =IFERROR(G16/F16,0) -> 0.1025641 | Z16: =IF(E16>0,F16*1000000000/E16,"") -> 31.842765 | AA16: =IFERROR((R16+S16+J16)/F16,0) -> 1 | AB16: =A16&"|"&D16 -> Afghanistan|2018
A17: Afghanistan | B17: AFG | C17: Country | D17: 2019 | E17: 37856125 | F17: 1.46 | G17: 0.08 | H17: 0 | I17: 0.1 | J17: 0 | K17: 1.22 | L17: 0.06 | M17: 0 | N17: 0 | O17: 0 | P17: 116.4 | Q17: 0 | R17: =G17+H17+I17 -> 0.18 | S17: =K17+L17+M17+N17+O17 -> 1.28 | T17: =L17+M17 -> 0.06 | U17: =S17+J17 -> 1.28 | V17: =IFERROR(S17/F17,0) -> 0.87671233 | W17: =IFERROR(R17/F17,0) -> 0.12328767 | X17: =IFERROR(T17/F17,0) -> 0.04109589 | Y17: =IFERROR(G17/F17,0) -> 0.054794521 | Z17: =IF(E17>0,F17*1000000000/E17,"") -> 38.567075 | AA17: =IFERROR((R17+S17+J17)/F17,0) -> 1 | AB17: =A17&"|"&D17 -> Afghanistan|2019
A18: Afghanistan | B18: AFG | C18: Country | D18: 2020 | E18: 39068977 | F18: 1.18 | G18: 0.02 | H18: 0 | I18: 0.1 | J18: 0 | K18: 0.99 | L18: 0.07 | M18: 0 | N18: 0 | O18: 0 | P18: 93.2 | Q18: 0 | R18: =G18+H18+I18 -> 0.12 | S18: =K18+L18+M18+N18+O18 -> 1.06 | T18: =L18+M18 -> 0.07 | U18: =S18+J18 -> 1.06 | V18: =IFERROR(S18/F18,0) -> 0.89830508 | W18: =IFERROR(R18/F18,0) -> 0.10169492 | X18: =IFERROR(T18/F18,0) -> 0.059322034 | Y18: =IFERROR(G18/F18,0) -> 0.016949153 | Z18: =IF(E18>0,F18*1000000000/E18,"") -> 30.202992 | AA18: =IFERROR((R18+S18+J18)/F18,0) -> 1 | AB18: =A18&"|"&D18 -> Afghanistan|2020
A19: Afghanistan | B19: AFG | C19: Country | D19: 2021 | E19: 40000410 | F19: 1.06 | G19: 0.03 | H19: 0 | I19: 0.1 | J19: 0 | K19: 0.85 | L19: 0.08 | M19: 0 | N19: 0 | O19: 0 | P19: 113.2 | Q19: 0 | R19: =G19+H19+I19 -> 0.13 | S19: =K19+L19+M19+N19+O19 -> 0.93 | T19: =L19+M19 -> 0.08 | U19: =S19+J19 -> 0.93 | V19: =IFERROR(S19/F19,0) -> 0.87735849 | W19: =IFERROR(R19/F19,0) -> 0.12264151 | X19: =IFERROR(T19/F19,0) -> 0.075471698 | Y19: =IFERROR(G19/F19,0) -> 0.028301887 | Z19: =IF(E19>0,F19*1000000000/E19,"") -> 26.499728 | AA19: =IFERROR((R19+S19+J19)/F19,0) -> 1 | AB19: =A19&"|"&D19 -> Afghanistan|2021
A20: Afghanistan | B20: AFG | C20: Country | D20: 2022 | E20: 40578847 | F20: 0.96 | G20: 0.03 | H20: 0 | I20: 0.1 | J20: 0 | K20: 0.74 | L20: 0.09 | M20: 0 | N20: 0 | O20: 0 | P20: 125 | Q20: 0 | R20: =G20+H20+I20 -> 0.13 | S20: =K20+L20+M20+N20+O20 -> 0.83 | T20: =L20+M20 -> 0.09 | U20: =S20+J20 -> 0.83 | V20: =IFERROR(S20/F20,0) -> 0.86458333 | W20: =IFERROR(R20/F20,0) -> 0.13541667 | X20: =IFERROR(T20/F20,0) -> 0.09375 | Y20: =IFERROR(G20/F20,0) -> 0.03125 | Z20: =IF(E20>0,F20*1000000000/E20,"") -> 23.657646 | AA20: =IFERROR((R20+S20+J20)/F20,0) -> 1 | AB20: =A20&"|"&D20 -> Afghanistan|2022
A21: Afghanistan | B21: AFG | C21: Country | D21: 2023 | E21: 41454762 | F21: 0.97 | G21: 0.03 | H21: 0 | I21: 0.1 | J21: 0 | K21: 0.75 | L21: 0.09 | M21: 0 | N21: 0 | O21: 0 | P21: 123.7 | Q21: 0 | R21: =G21+H21+I21 -> 0.13 | S21: =K21+L21+M21+N21+O21 -> 0.84 | T21: =L21+M21 -> 0.09 | U21: =S21+J21 -> 0.84 | V21: =IFERROR(S21/F21,0) -> 0.86597938 | W21: =IFERROR(R21/F21,0) -> 0.13402062 | X21: =IFERROR(T21/F21,0) -> 0.092783505 | Y21: =IFERROR(G21/F21,0) -> 0.030927835 | Z21: =IF(E21>0,F21*1000000000/E21,"") -> 23.399001 | AA21: =IFERROR((R21+S21+J21)/F21,0) -> 1 | AB21: =A21&"|"&D21 -> Afghanistan|2023
A22: Afghanistan | B22: AFG | C22: Country | D22: 2024 | E22: 42647502 | F22: 0.99 | G22: 0.03 | H22: 0 | I22: 0.1 | J22: 0 | K22: 0.75 | L22: 0.11 | M22: 0 | N22: 0 | O22: 0 | P22: 131.3 | Q22: 0 | R22: =G22+H22+I22 -> 0.13 | S22: =K22+L22+M22+N22+O22 -> 0.86 | T22: =L22+M22 -> 0.11 | U22: =S22+J22 -> 0.86 | V22: =IFERROR(S22/F22,0) -> 0.86868687 | W22: =IFERROR(R22/F22,0) -> 0.13131313 | X22: =IFERROR(T22/F22,0) -> 0.11111111 | Y22: =IFERROR(G22/F22,0) -> 0.03030303 | Z22: =IF(E22>0,F22*1000000000/E22,"") -> 23.213552 | AA22: =IFERROR((R22+S22+J22)/F22,0) -> 1 | AB22: =A22&"|"&D22 -> Afghanistan|2024
A23: Albania | B23: ALB | C23: Country | D23: 2015 | E23: 2898634 | F23: 5.89 | G23: 0 | H23: 0 | I23: 0 | J23: 0 | K23: 5.89 | L23: 0 | M23: 0 | N23: 0 | O23: 0 | P23: 23.8 | Q23: 0 | R23: =G23+H23+I23 -> 0 | S23: =K23+L23+M23+N23+O23 -> 5.89 | T23: =L23+M23 -> 0 | U23: =S23+J23 -> 5.89 | V23: =IFERROR(S23/F23,0) -> 1 | W23: =IFERROR(R23/F23,0) -> 0 | X23: =IFERROR(T23/F23,0) -> 0 | Y23: =IFERROR(G23/F23,0) -> 0 | Z23: =IF(E23>0,F23*1000000000/E23,"") -> 2031.9916 | AA23: =IFERROR((R23+S23+J23)/F23,0) -> 1 | AB23: =A23&"|"&D23 -> Albania|2015
A24: Albania | B24: ALB | C24: Country | D24: 2016 | E24: 2897868 | F24: 7.78 | G24: 0 | H24: 0 | I24: 0 | J24: 0 | K24: 7.78 | L24: 0 | M24: 0 | N24: 0 | O24: 0 | P24: 23.1 | Q24: 0 | R24: =G24+H24+I24 -> 0 | S24: =K24+L24+M24+N24+O24 -> 7.78 | T24: =L24+M24 -> 0 | U24: =S24+J24 -> 7.78 | V24: =IFERROR(S24/F24,0) -> 1 | W24: =IFERROR(R24/F24,0) -> 0 | X24: =IFERROR(T24/F24,0) -> 0 | Y24: =IFERROR(G24/F24,0) -> 0 | Z24: =IF(E24>0,F24*1000000000/E24,"") -> 2684.7324 | AA24: =IFERROR((R24+S24+J24)/F24,0) -> 1 | AB24: =A24&"|"&D24 -> Albania|2016
... A2203: Zimbabwe | B2203: ZWE | C2203: Country | D2203: 2024 | E2203: 16634366 | F2203: 10.26 | G2203: 4.4 | H2203: 0 | I2203: 0 | J2203: 0 | K2203: 5.7 | L2203: 0.04 | M2203: 0 | N2203: 0.12 | O2203: 0 | P2203: 384 | Q2203: 0 | R2203: =G2203+H2203+I2203 -> 4.4 | S2203: =K2203+L2203+M2203+N2203+O2203 -> 5.86 | T2203: =L2203+M2203 -> 0.04 | U2203: =S2203+J2203 -> 5.86 | V2203: =IFERROR(S2203/F2203,0) -> 0.5711501 | W2203: =IFERROR(R2203/F2203,0) -> 0.4288499 | X2203: =IFERROR(T2203/F2203,0) -> 0.0038986355 | Y2203: =IFERROR(G2203/F2203,0) -> 0.4288499 | Z2203: =IF(E2203>0,F2203*1000000000/E2203,"") -> 616.79537 | AA2203: =IFERROR((R2203+S2203+J2203)/F2203,0) -> 1 | AB2203: =A2203&"|"&D2203 -> Zimbabwe|2024

Sheet Raw_Data
A1: country | B1: iso_code | C1: year | D1: population | E1: electricity_generation | F1: coal_electricity | G1: gas_electricity | H1: oil_electricity | I1: nuclear_electricity | J1: hydro_electricity | K1: solar_electricity | L1: wind_electricity | M1: biofuel_electricity | N1: other_renewable_exc_biofuel_electricity | O1: carbon_intensity_elec
A2: ASEAN (Ember) | C2: 2015 | E2: 907.23 | F2: 321.14 | G2: 377.93 | H2: 41.39 | I2: 0 | J2: 121.66 | K2: 2.84 | L2: 1.2 | M2: 19.97 | N2: 21.1 | O2: 594.8
A3: ASEAN (Ember) | C3: 2016 | E3: 969.34 | F3: 364.27 | G3: 379.77 | H3: 30.67 | I3: 0 | J3: 144.13 | K3: 5.13 | L3: 1.57 | M3: 22.07 | N3: 21.73 | O3: 591.28
A4: ASEAN (Ember) | C4: 2017 | E4: 1007.89 | F4: 383.71 | G4: 362.07 | H4: 26.03 | I4: 0 | J4: 179.46 | K4: 6.3 | L4: 2.55 | M4: 24.44 | N4: 23.33 | O4: 571.9
A5: ASEAN (Ember) | C5: 2018 | E5: 1071.01 | F5: 433.99 | G5: 361.94 | H5: 24.18 | I5: 0 | J5: 187.37 | K5: 6.78 | L5: 3.47 | M5: 28.51 | N5: 24.77 | O5: 577.85
A6: ASEAN (Ember) | C6: 2019 | E6: 1122.19 | F6: 483.31 | G6: 383.54 | H6: 20.31 | I6: 0 | J6: 162.11 | K6: 13.21 | L6: 5.91 | M6: 29 | N6: 24.8 | O6: 597.66
A7: ASEAN (Ember) | C7: 2020 | E7: 1113.63 | F7: 505.77 | G7: 335.29 | H7: 14.07 | I7: 0 | J7: 177.4 | K7: 20.1 | L7: 5.7 | M7: 28.97 | N7: 26.33 | O7: 589.23
A8: ASEAN (Ember) | C8: 2021 | E8: 1156.89 | F8: 504.85 | G8: 340.83 | H8: 12.72 | I8: 0 | J8: 194.75 | K8: 36.27 | L8: 8.59 | M8: 32.95 | N8: 25.93 | O8: 571.41
A9: ASEAN (Ember) | C9: 2022 | E9: 1221.62 | F9: 508.35 | G9: 355.25 | H9: 15.22 | I9: 0 | J9: 225.39 | K9: 37.4 | L9: 13.5 | M9: 39.39 | N9: 27.12 | O9: 554.19
A10: ASEAN (Ember) | C10: 2023 | E10: 1272.63 | F10: 554.95 | G10: 371.22 | H10: 13.48 | I10: 0 | J10: 207.67 | K10: 38.55 | L10: 17.16 | M10: 42.23 | N10: 27.37 | O10: 568.73
A11: ASEAN (Ember) | C11: 2024 | E11: 1352.11 | F11: 603.6 | G11: 385.68 | H11: 12.89 | I11: 0 | J11: 221.4 | K11: 41.41 | L11: 18.1 | M11: 41.83 | N11: 27.2 | O11: 571.72
A12: ASEAN (Ember) | C12: 2025 | E12: 1369.85 | F12: 610.43 | G12: 375.12 | H12: 15.18 | I12: 0 | J12: 238.88 | K12: 46.33 | L12: 19.73 | M12: 37.39 | N12: 26.79 | O12: 565.01
A13: Afghanistan | B13: AFG | C13: 2015 | D13: 33831767 | E13: 1.18 | F13: 0.1 | G13: 0 | H13: 0.05 | I13: 0 | J13: 1 | K13: 0.03 | L13: 0 | M13: 0 | N13: 0 | O13: 118.64
A14: Afghanistan | B14: AFG | C14: 2016 | D14: 34700613 | E14: 1.21 | F14: 0.09 | G14: 0 | H14: 0.06 | I14: 0 | J14: 1.02 | K14: 0.04 | L14: 0 | M14: 0 | N14: 0 | O14: 115.7
A15: Afghanistan | B15: AFG | C15: 2017 | D15: 35688941 | E15: 1.26 | F15: 0.11 | G15: 0 | H15: 0.06 | I15: 0 | J15: 1.05 | K15: 0.04 | L15: 0 | M15: 0 | N15: 0 | O15: 126.98
A16: Afghanistan | B16: AFG | C16: 2018 | D16: 36743040 | E16: 1.17 | F16: 0.12 | G16: 0 | H16: 0.08 | I16: 0 | J16: 0.93 | K16: 0.04 | L16: 0 | M16: 0 | N16: 0 | O16: 153.85
A17: Afghanistan | B17: AFG | C17: 2019 | D17: 37856125 | E17: 1.46 | F17: 0.08 | G17: 0 | H17: 0.1 | I17: 0 | J17: 1.22 | K17: 0.06 | L17: 0 | M17: 0 | N17: 0 | O17: 116.44
A18: Afghanistan | B18: AFG | C18: 2020 | D18: 39068977 | E18: 1.18 | F18: 0.02 | G18: 0 | H18: 0.1 | I18: 0 | J18: 0.99 | K18: 0.07 | L18: 0 | M18: 0 | N18: 0 | O18: 93.22
A19: Afghanistan | B19: AFG | C19: 2021 | D19: 40000410 | E19: 1.06 | F19: 0.03 | G19: 0 | H19: 0.1 | I19: 0 | J19: 0.85 | K19: 0.08 | L19: 0 | M19: 0 | N19: 0 | O19: 113.21
A20: Afghanistan | B20: AFG | C20: 2022 | D20: 40578847 | E20: 0.96 | F20: 0.03 | G20: 0 | H20: 0.1 | I20: 0 | J20: 0.74 | K20: 0.09 | L20: 0 | M20: 0 | N20: 0 | O20: 125
A21: Afghanistan | B21: AFG | C21: 2023 | D21: 41454762 | E21: 0.97 | F21: 0.03 | G21: 0 | H21: 0.1 | I21: 0 | J21: 0.75 | K21: 0.09 | L21: 0 | M21: 0 | N21: 0 | O21: 123.71
A22: Afghanistan | B22: AFG | C22: 2024 | D22: 42647502 | E22: 0.99 | F22: 0.03 | G22: 0 | H22: 0.1 | I22: 0 | J22: 0.75 | K22: 0.11 | L22: 0 | M22: 0 | N22: 0 | O22: 131.31
A23: Africa | C23: 2015 | D23: 1219484027 | E23: 790.03 | F23: 254.69 | G23: 289.11 | H23: 91.89 | I23: 12.24 | J23: 122.39 | K23: 3.25 | L23: 8.98 | M23: 3 | N23: 4.48 | O23: 597.534
A24: Africa | C24: 2016 | D24: 1250551239 | E24: 805.8 | F24: 256.68 | G24: 309.09 | H24: 80.26 | I24: 15.03 | J24: 120.82 | K24: 4.72 | L24: 11.21 | M24: 3.3 | N24: 4.69 | O24: 594.825
A25: Africa | C25: 2017 | D25: 1282169538 | E25: 825.62 | F25: 257.12 | G25: 324.7 | H25: 74.82 | I25: 14.19 | J25: 126.4 | K25: 6.78 | L25: 13.44 | M25: 3.41 | N25: 4.76 | O25: 588.576
A26: Africa | C26: 2018 | D26: 1314609397 | E26: 855.75 | F26: 265.06 | G26: 345.95 | H26: 65.12 | I26: 11.58 | J26: 136.66 | K26: 8.45 | L26: 14.88 | M26: 2.92 | N26: 5.13 | O26: 583.932
A27: Africa | C27: 2019 | D27: 1347162538 | E27: 875.96 | F27: 264.18 | G27: 361.87 | H27: 56.43 | I27: 13.25 | J27: 140.92 | K27: 11.55 | L27: 19.52 | M27: 3 | N27: 5.24 | O27: 574.912
A28: Africa | C28: 2020 | D28: 1379939686 | E28: 861.09 | F28: 251.77 | G28: 358.24 | H28: 49.12 | I28: 9.9 | J28: 148.36 | K28: 16.55 | L28: 19.13 | M28: 2.96 | N28: 5.06 | O28: 564.68
A29: Africa | C29: 2021 | D29: 1412811077 | E29: 905.76 | F29: 248.74 | G29: 387.33 | H29: 50.64 | I29: 12.35 | J29: 155.55 | K29: 19.87 | L29: 23.2 | M29: 3.04 | N29: 5.04 | O29: 556.991
A30: Africa | C30: 2022 | D30: 1445862695 | E30: 923.17 | F30: 241.11 | G30: 393.98 | H30: 56.93 | I30: 10.1 | J30: 163.33 | K30: 24.41 | L30: 24.7 | M30: 3.06 | N30: 5.55 | O30: 549.119
A31: Africa | C31: 2023 | D31: 1479690254 | E31: 930.89 | F31: 231.63 | G31: 398.2 | H31: 64.8 | I31: 8.1 | J31: 160.49 | K31: 29.89 | L31: 27.77 | M31: 3.95 | N31: 6.06 | O31: 543.867
A32: Africa | C32: 2024 | D32: 1514032368 | E32: 961.77 | F32: 245.23 | G32: 408.56 | H32: 62.28 | I32: 7.8 | J32: 164.99 | K32: 35.65 | L32: 28.31 | M32: 2.92 | N32: 6.03 | O32: 544.132
A33: Africa (EI) | C33: 2015 | E33: 790.712 | F33: 251.597 | G33: 288.234 | H33: 94.424 | I33: 12.237 | J33: 120.966 | K33: 3.546 | L33: 8.913
A34: Africa (EI) | C34: 2016 | E34: 799.935 | F34: 253.272 | G34: 303.157 | H34: 81.469 | I34: 15.026 | J34: 119.332 | K34: 5.259 | L34: 11.179
A35: Africa (EI) | C35: 2017 | E35: 827.068 | F35: 253.154 | G35: 327.435 | H35: 73.604 | I35: 14.193 | J35: 125.531 | K35: 6.911 | L35: 13.614
A36: Africa (EI) | C36: 2018 | E36: 849.991 | F36: 260.211 | G36: 343.153 | H36: 64.134 | I36: 11.58 | J36: 134.414 | K36: 8.334 | L36: 14.764
A37: Africa (EI) | C37: 2019 | E37: 870.895 | F37: 258.523 | G37: 358.867 | H37: 58.056 | I37: 13.252 | J37: 137.838 | K37: 11.033 | L37: 19.283
A38: Africa (EI) | C38: 2020 | E38: 853.838 | F38: 245.817 | G38: 353.279 | H38: 49.734 | I38: 9.903 | J38: 147.409 | K38: 15.182 | L38: 19.111
A39: Africa (EI) | C39: 2021 | E39: 900.059 | F39: 243.797 | G39: 382.35 | H39: 52.207 | I39: 12.355 | J39: 155.507 | K39: 17.458 | L39: 22.96
A40: Africa (EI) | C40: 2022 | E40: 911.739 | F40: 237.693 | G40: 388.806 | H40: 57.745 | I40: 10.1 | J40: 161.926 | K40: 17.227 | L40: 24.724
A41: Africa (EI) | C41: 2023 | E41: 924.325 | F41: 228.3 | G41: 395.409 | H41: 63.462 | I41: 8.1 | J41: 167.117 | K41: 18.963 | L41: 28.41
A42: Africa (EI) | C42: 2024 | E42: 963.931 | F42: 244.57 | G42: 412.227 | H42: 63.395 | I42: 7.8 | J42: 170.076 | K42: 20.864 | L42: 29.071
A43: Africa (EIA) | C43: 2015
A44: Africa (EIA) | C44: 2016
A45: Africa (EIA) | C45: 2017
A46: Africa (EIA) | C46: 2018
A47: Africa (EIA) | C47: 2019
A48: Africa (EIA) | C48: 2020
A49: Africa (EIA) | C49: 2021
A50: Africa (EIA) | C50: 2022
A51: Africa (EIA) | C51: 2023
A52: Africa (Ember) | C52: 2015 | E52: 790.12 | F52: 254.69 | G52: 289.11 | H52: 91.98 | I52: 12.24 | J52: 122.39 | K52: 3.25 | L52: 8.98 | M52: 3 | N52: 4.48 | O52: 597.63
A53: Africa (Ember) | C53: 2016 | E53: 805.89 | F53: 256.68 | G53: 309.09 | H53: 80.35 | I53: 15.03 | J53: 120.82 | K53: 4.72 | L53: 11.21 | M53: 3.3 | N53: 4.69 | O53: 594.86
A54: Africa (Ember) | C54: 2017 | E54: 825.71 | F54: 257.12 | G54: 324.7 | H54: 74.91 | I54: 14.19 | J54: 126.4 | K54: 6.78 | L54: 13.44 | M54: 3.41 | N54: 4.76 | O54: 588.62
A55: Africa (Ember) | C55: 2018 | E55: 855.84 | F55: 265.06 | G55: 345.95 | H55: 65.21 | I55: 11.58 | J55: 136.66 | K55: 8.45 | L55: 14.88 | M55: 2.92 | N55: 5.13 | O55: 584.02
A56: Africa (Ember) | C56: 2019 | E56: 876.05 | F56: 264.18 | G56: 361.87 | H56: 56.52 | I56: 13.25 | J56: 140.92 | K56: 11.55 | L56: 19.52 | M56: 3 | N56: 5.24 | O56: 575
A57: Africa (Ember) | C57: 2020 | E57: 861.18 | F57: 251.77 | G57: 358.24 | H57: 49.21 | I57: 9.9 | J57: 148.36 | K57: 16.55 | L57: 19.13 | M57: 2.96 | N57: 5.06 | O57: 564.78
A58: Africa (Ember) | C58: 2021 | E58: 905.85 | F58: 248.74 | G58: 387.33 | H58: 50.73 | I58: 12.35 | J58: 155.55 | K58: 19.87 | L58: 23.2 | M58: 3.04 | N58: 5.04 | O58: 557.1
A59: Africa (Ember) | C59: 2022 | E59: 923.26 | F59: 241.11 | G59: 393.98 | H59: 57.02 | I59: 10.1 | J59: 163.33 | K59: 24.41 | L59: 24.7 | M59: 3.06 | N59: 5.55 | O59: 549.13
A60: Africa (Ember) | C60: 2023 | E60: 930.98 | F60: 231.63 | G60: 398.2 | H60: 64.89 | I60: 8.1 | J60: 160.49 | K60: 29.89 | L60: 27.77 | M60: 3.95 | N60: 6.06 | O60: 543.91
A61: Africa (Ember) | C61: 2024 | E61: 965.35 | F61: 245.61 | G61: 408.56 | H61: 63.53 | I61: 7.8 | J61: 165.61 | K61: 35.96 | L61: 28.33 | M61: 3.92 | N61: 6.03 | O61: 543.62
A62: Africa (Ember) | C62: 2025 | E62: 998.12 | F62: 237.57 | G62: 419.44 | H62: 69.29 | I62: 10.21 | J62: 179.08 | K62: 39.83 | L62: 32.3 | M62: 3.92 | N62: 6.48 | O62: 529.88
A63: Africa (Shift) | C63: 2015
A64: Africa (Shift) | C64: 2016
A65: Albania | B65: ALB | C65: 2015 | D65: 2898634 | E65: 5.89 | F65: 0 | G65: 0 | H65: 0 | I65: 0 | J65: 5.89 | K65: 0 | L65: 0 | M65: 0 | N65: 0 | O65: 23.77
A66: Albania | B66: ALB | C66: 2016 | D66: 2897868 | E66: 7.78 | F66: 0 | G66: 0 | H66: 0 | I66: 0 | J66: 7.78 | K66: 0 | L66: 0 | M66: 0 | N66: 0 | O66: 23.14
A67: Albania | B67: ALB | C67: 2017 | D67: 2898245 | E67: 4.53 | F67: 0 | G67: 0 | H67: 0 | I67: 0 | J67: 4.53 | K67: 0 | L67: 0 | M67: 0 | N67: 0 | O67: 24.28
A68: Albania | B68: ALB | C68: 2018 | D68: 2894229 | E68: 8.55 | F68: 0 | G68: 0 | H68: 0 | I68: 0 | J68: 8.55 | K68: 0 | L68: 0 | M68: 0 | N68: 0 | O68: 23.39
A69: Albania | B69: ALB | C69: 2019 | D69: 2885011 | E69: 5.2 | F69: 0 | G69: 0 | H69: 0 | I69: 0 | J69: 5.18 | K69: 0.02 | L69: 0 | M69: 0 | N69: 0 | O69: 23.08
A70: Albania | B70: ALB | C70: 2020 | D70: 2871950 | E70: 5.31 | F70: 0 | G70: 0 | H70: 0 | I70: 0 | J70: 5.28 | K70: 0.03 | L70: 0 | M70: 0 | N70: 0 | O70: 24.48
A71: Albania | B71: ALB | C71: 2021 | D71: 2849641 | E71: 8.94 | F71: 0 | G71: 0 | H71: 0 | I71: 0 | J71: 8.9 | K71: 0.04 | L71: 0 | M71: 0 | N71: 0 | O71: 23.49
A72: Albania | B72: ALB | C72: 2022 | D72: 2827614 | E72: 6.97 | F72: 0 | G72: 0 | H72: 0 | I72: 0 | J72: 6.81 | K72: 0.16 | L72: 0 | M72: 0 | N72: 0 | O72: 24.39
A73: Albania | B73: ALB | C73: 2023 | D73: 2811660 | E73: 9.01 | F73: 0 | G73: 0 | H73: 0 | I73: 0 | J73: 8.71 | K73: 0.3 | L73: 0 | M73: 0 | N73: 0 | O73: 24.42
A74: Albania | B74: ALB | C74: 2024 | D74: 2791756 | E74: 8.34 | F74: 0 | G74: 0 | H74: 0 | I74: 0 | J74: 8 | K74: 0.34 | L74: 0 | M74: 0 | N74: 0 | O74: 25.18
A75: Algeria | B75: DZA | C75: 2015 | D75: 40019528 | E75: 68.84 | F75: 0 | G75: 67.67 | H75: 0.95 | I75: 0 | J75: 0.14 | K75: 0.06 | L75: 0.02 | M75: 0 | N75: 0 | O75: 637.42
A76: Algeria | B76: DZA | C76: 2016 | D76: 40850719 | E76: 71.04 | F76: 0 | G76: 69.69 | H76: 1.01 | I76: 0 | J76: 0.22 | K76: 0.09 | L76: 0.03 | M76: 0 | N76: 0 | O76: 636.4
... A104: Angola | B104: AGO | C104: 2024 | D104: 37885854 | E104: 15.59 | F104: 0 | G104: 1.4 | H104: 2.7 | I104: 0 | J104: 11 | K104: 0.44 | L104: 0 | M104: 0.05 | N104: 0 | O104: 185.38
A105: Antarctica | B105: ATA | C105: 2015
A106: Antarctica | B106: ATA | C106: 2016
A107: Antarctica | B107: ATA | C107: 2017
A108: Antarctica | B108: ATA | C108: 2018
A109: Antarctica | B109: ATA | C109: 2019
A110: Antarctica | B110: ATA | C110: 2020
A111: Antarctica | B111: ATA | C111: 2021
A112: Antarctica | B112: ATA | C112: 2022
A113: Antarctica | B113: ATA | C113: 2023
A114: Antigua and Barbuda | B114: ATG | C114: 2015 | D114: 89421 | E114: 0.35 | F114: 0 | G114: 0 | H114: 0.34 | I114: 0 | J114: 0 | K114: 0.01 | L114: 0 | M114: 0 | N114: 0 | O114: 628.57
A115: Antigua and Barbuda | B115: ATG | C115: 2016 | D115: 89980 | E115: 0.34 | F115: 0 | G115: 0 | H115: 0.34 | I115: 0 | J115: 0 | K115: 0 | L115: 0 | M115: 0 | N115: 0 | O115: 647.06
A116: Antigua and Barbuda | B116: ATG | C116: 2017 | D116: 90483 | E116: 0.35 | F116: 0 | G116: 0 | H116: 0.34 | I116: 0 | J116: 0 | K116: 0.01 | L116: 0 | M116: 0 | N116: 0 | O116: 628.57
A117: Antigua and Barbuda | B117: ATG | C117: 2018 | D117: 90942 | E117: 0.36 | F117: 0 | G117: 0 | H117: 0.35 | I117: 0 | J117: 0 | K117: 0.01 | L117: 0 | M117: 0 | N117: 0 | O117: 638.89
A118: Antigua and Barbuda | B118: ATG | C118: 2019 | D118: 91377 | E118: 0.36 | F118: 0 | G118: 0 | H118: 0.35 | I118: 0 | J118: 0 | K118: 0.01 | L118: 0 | M118: 0 | N118: 0 | O118: 638.89
A119: Antigua and Barbuda | B119: ATG | C119: 2020 | D119: 91864 | E119: 0.35 | F119: 0 | G119: 0 | H119: 0.33 | I119: 0 | J119: 0 | K119: 0.02 | L119: 0 | M119: 0 | N119: 0 | O119: 628.57
A120: Antigua and Barbuda | B120: ATG | C120: 2021 | D120: 92358 | E120: 0.35 | F120: 0 | G120: 0 | H120: 0.33 | I120: 0 | J120: 0 | K120: 0.02 | L120: 0 | M120: 0 | N120: 0 | O120: 628.57
A121: Antigua and Barbuda | B121: ATG | C121: 2022 | D121: 92850 | E121: 0.36 | F121: 0 | G121: 0 | H121: 0.34 | I121: 0 | J121: 0 | K121: 0.02 | L121: 0 | M121: 0 | N121: 0 | O121: 611.11
A122: Antigua and Barbuda | B122: ATG | C122: 2023 | D122: 93331 | E122: 0.36 | F122: 0 | G122: 0 | H122: 0.34 | I122: 0 | J122: 0 | K122: 0.02 | L122: 0 | M122: 0 | N122: 0 | O122: 611.11
A123: Antigua and Barbuda | B123: ATG | C123: 2024 | D123: 93782 | E123: 0.37 | F123: 0 | G123: 0 | H123: 0.34 | I123: 0 | J123: 0 | K123: 0.03 | L123: 0 | M123: 0 | N123: 0 | O123: 594.6
A124: Argentina | B124: ARG | C124: 2015 | D124: 43477011 | E124: 145.42 | F124: 2.39 | G124: 79.11 | H124: 22.45 | I124: 7.04 | J124: 32.34 | K124: 0.01 | L124: 0.59 | M124: 1.49 | O124: 426.56
A125: Argentina | B125: ARG | C125: 2016 | D125: 43900312 | E125: 147.18 | F125: 1.93 | G125: 84.28 | H125: 21.2 | I125: 8.28 | J125: 29.75 | K125: 0.01 | L125: 0.55 | M125: 1.18 | O125: 431.92
A126: Argentina | B126: ARG | C126: 2017 | D126: 44288898 | E126: 145.61 | F126: 2.01 | G126: 91.21 | H126: 12.62 | I126: 6.09 | J126: 31.59 | K126: 0.02 | L126: 0.61 | M126: 1.46 | O126: 425.38
A127: Argentina | B127: ARG | C127: 2018 | D127: 44654876 | E127: 146.78 | F127: 2.03 | G127: 95.35 | H127: 7.31 | I127: 6.87 | J127: 32.28 | K127: 0.11 | L127: 1.41 | M127: 1.42 | O127: 414.29
...

Sheet Cleaning_Log
A1: Data Cleaning Log
A2: Every transformation from Raw_Data to Clean_Data, in order.
A4: Step | B4: Action | C4: Rule / reason | D4: Rows affected | E4: Rows remaining
A5: Extract | B5: Kept years 2015–2025 and 16 relevant columns of 130 | C5: Focus on the last decade of the electricity mix | D5: - | E5: 3030
A6: Remove aggregates | B6: Dropped regions, income groups and continents (no ISO code or OWID_ codes); kept "World" separately | C6: Aggregates would double-count countries (87 aggregate entities) | D6: 750 | E6: 2280
A7: Remove empty rows | B7: Dropped country-years with no total electricity generation | C7: Cannot compute shares without a total | D7: 67 | E7: 2213
A8: Remove zero totals | B8: Dropped country-years reporting exactly 0 TWh total generation (Lesotho, Niue) | C8: Found by the Mix_Check validation on a first pass: a 0 total is a reporting gap, not a real value, and breaks share calculations | D8: 11 | E8: 2202
A9: Fill missing sources | B9: Blank source values set to 0 when total generation is present; count stored in Fields_Filled | C9: Source fields blank = source not used; verified because sum of sources equals the total for every row (Mix_Check = 100%) | D9: 507 cells in 308 rows | E9: 2202
A10: Standardise | B10: Renamed columns to readable names with units; trimmed text; integer years | C10: Readability and consistent lookups | D10: all | E10: 2202
A11: Add flags | B11: Entity_Type = Country / World | C11: Lets formulas include or exclude the World total | D11: all | E11: 2202
A12: Derive metrics | B12: Fossil, Renewable, Solar+Wind, Low-carbon totals; shares; kWh per person; Key = Country|Year | C12: Calculated with formulas so they stay live | D12: all | E12: 2202
A13: Validate | B13: Mix_Check = (fossil + renewable + nuclear) ÷ total; highlighted if outside 99–101% | C13: Catches any source/total mismatch | D13: 0 failures | E13: 2202
A14: Known gaps | B14: Carbon intensity blank for 0 rows; 2025 has fewer reporting countries | C14: Left blank (not imputed) and documented | D14: 0 | E14: 2202
A16: Live check: rows failing Mix_Check | D16: =COUNTIFS(Clean_Data!$AA$2:$AA$2203,"<0.99")+COUNTIFS(Clean_Data!$AA$2:$AA$2203,">1.01") -> 0
A17: Live check: clean rows | D17: =COUNTA(Clean_Data!$A$2:$A$2203) -> 2202

Sheet Data_Dictionary
A1: Data Dictionary – Clean_Data
A3: Column | B3: Description | C3: Unit | D3: Origin
A4: Country | B4: Country name (or "World") | C4: text | D4: OWID: country
A5: ISO_Code | B5: ISO 3166-1 alpha-3 code | C5: text | D5: OWID: iso_code
A6: Entity_Type | B6: Country or World | C6: text | D6: Derived
A7: Year | B7: Calendar year | C7: year | D7: OWID: year
A8: Population | B8: Population | C8: people | D8: OWID: population
A9: Total_Gen_TWh | B9: Total electricity generation | C9: TWh | D9: OWID: electricity_generation
A10: Coal_TWh … Wind_TWh | B10: Generation by source: coal, gas, oil, nuclear, hydro, solar, wind | C10: TWh | D10: OWID: <source>_electricity
A11: Bioenergy_TWh | B11: Generation from biomass and biofuels | C11: TWh | D11: OWID: biofuel_electricity
A12: Other_RE_TWh | B12: Geothermal, tidal, wave and other renewables | C12: TWh | D12: OWID: other_renewable_exc_biofuel_electricity
A13: Carbon_Intensity_g_kWh | B13: CO2 emitted per kWh generated | C13: gCO2/kWh | D13: OWID: carbon_intensity_elec
A14: Fields_Filled | B14: Number of blank source fields set to 0 during cleaning | C14: count | D14: Cleaning step 4
... A24: CAGR | B24: Compound annual growth rate = (End ÷ Start)^(1 ÷ years) − 1 | C24: % | D24: Convention
